Service Point,Coordinates
Al Bada Camp 10,"28.410923237417848, 34.994035713518585"
Disposal,"28.3902362, 34.7740393"
Z2-BDB-2710,"28.463779, 35.023317"
Z2-BDB-3219,"28.459215, 35.034533"
Z2-BDB-3329,"28.464104, 35.031118"
Z2-BDB-3214,"28.4647, 35.0257"
Z2-BDB-1584,"28.467098, 35.030908"
Z2-BDB-0077,"28.4631766, 35.0212833"
Z2-BDB-5996,"28.46123161699465, 35.02809338271618"
Z2-BDB-4193,"28.463126577192313, 35.04153326153755"
Z2-BDB-5970,"28.571392, 35.035257"
Z2-BDB-1214,"28.459403, 35.01183"
Z2-BDB-2965,"28.472352, 35.033387"
Z2-BDB-1899,"28.464083, 35.04102"
Z2-BDB-0768,"28.459268, 35.037219"
Z2-BDB-1806,"28.468615, 35.033938"
Z2-BDB-5983,"28.459618, 35.022022"
Z2-BDB-1185,"28.463972, 34.997746"
Z2-BDB-1123,"28.472643, 35.002047"
Z2-BDB-3934,"28.467424229260313, 34.99967537820339"
Z2-BDB-0182,"28.467479345122438, 34.9996006116271"
Z2-BDB-0370,"28.47177, 34.995005"
Z2-BDB-4994,"28.466686, 35.019727"
Z2-BDB-2612,"28.468895, 35.029049"
Z2-BDB-2739,"28.459669995702004, 35.035443641245365"
Z2-BDB-0919,"28.466828563483084, 35.01864496618509"
Z2-BDB-2674,"28.467155, 35.0195983"
Z2-BDB-3943,"28.464579681221302, 35.02163965255022"
Z2-BDB-2680,"28.465714444307647, 35.01614581793547"
Z2-BDB-3929,"28.4657, 35.016142"
Z2-BDB-4540,"28.461591806475788, 35.02241883426905"
Z2-BDB-0574,"28.470674542295086, 35.00170178711414"
Z2-BDB-2880,"28.46498053398916, 35.03319326788187"
Z2-BDB-1130,"28.46485, 35.0250999"
Z2-BDB-1128,"28.452195, 35.0253966"
Z2-BDB-1113,"28.464410497317427, 35.02327311784029"
Z2-BDB-1129,"28.46655357166732, 35.026289597153664"
Z2-BDB-1898,"28.46623878916057, 35.02601735293865"
Z2-BDB-3401,"28.465934321667827, 35.02651557326317"
Z2-BDC-3930,"28.57099653402261, 35.03501884639263"
Z2-BDB-2221,"28.47028992124047, 35.027856677770615"
Z2-BDB-3505,"28.464686084199833, 35.0336579605937"
Z2-BDB-3504,"28.4619099, 35.0266883"
Z2-BDB-2656,"28.466288010831608, 35.02125106751919"
Z2-BDB-2569,"28.46694763795945, 35.02437148243189"
Z2-BDB-4949,"28.4429633, 35.0284966"
Z2-BDB-1835,"28.445830452763268, 35.02741511911154"
Z2-BDB-4951,"28.473141978315656, 35.03381185233593"
Z2-BDB-0708,"28.464204764609434, 35.041054487228394"
Z2-BDB-3712,"28.463954819462607, 35.041026659309864"
Z2-BDB-1716,"28.469846647422475, 35.0011982023716"
Z2-BDB-5959,"28.463659187824224, 35.03305580466986"
Z2-BDB-5895,"28.46785, 35.022093"
Z2-BDB-5879,"28.465355, 35.020732"
Z2-BDB-5882,"28.464426, 35.0232744589448"
Z2-BDB-5883,"28.459971, 35.023964"
Z2-BDB-5894,"28.46796, 35.022066"
Z2-BDB-5886,"28.469367414460653, 35.02807158976793"
Z2-BDB-5885,"28.45978848872677, 35.03209758549929"
Z2-BDB-5881,"28.46766443989286, 35.02150051295757"
Z2-BDB-5880,"28.467618755704176, 35.020954348146915"
Z2-BDB-5878,"28.46618337791064, 35.02132583409548"
Z2-BDB-5846,"28.469869046941934, 34.99662637710571"
Z2-BDB-5845,"28.467108, 35.019683"
Z2-BDB-5643,"28.4464066, 35.0272783"
Z2-BDB-5813,"28.463588743074517, 34.9980915337801"
Z2-BDB-5811,"28.472788901539104, 35.00129476189613"
Z2-BDB-5638,"28.44568, 35.02749"
Z2-BDB-5527,"28.46105, 35.034848"
Z2-BDB-0790,"28.464008, 35.01957"
Z2-BDB-2341,"28.4587, 35.02109"
Z2-BDB-1241,"28.4612, 35.0261"
Z2-BDB-1873,"28.4687, 35.0271"
Z2-BDB-1768,"28.4470316, 35.0270933"
Z2-BDB-0365,"28.4627, 35.0088"
Z2-BDB-0789,"28.4636266, 35.0196833"
Z2-BDB-1211,"28.456412269773626, 35.00207461416721"
Z2-BDB-1210,"28.455652944634608, 35.00237938016653"
Z2-BDB-1206,"28.436522696057445, 35.00583339482546"
Z2-BDB-1205,"28.43652328570437, 35.005890391767025"
Z2-BDB-1203,"28.4271533, 35.0371516"
Z2-BDB-1146,"28.4641883, 34.9988533"
Z2-BDB-1139,"28.46835559504722, 35.033738762140274"
Z2-BDB-1199,"28.4465866, 35.0270966"
Z2-BDB-1028,"28.470104831069207, 34.99642454087734"
Z2-BDB-1026,"28.470519515126583, 34.99555818736553"
Z2-BDB-1025,"28.47199432711512, 34.99633803963661"
Z2-BDB-1173,"28.472308208304554, 34.99556589871645"
Z2-BDB-1024,"28.47230614523875, 34.99444842338562"
Z2-BDB-1023,"28.472237179872888, 34.99356597661972"
Z2-BDB-1020,"28.478740356875374, 35.001603215932846"
Z2-BDB-1019,"28.476819447406772, 35.001309514045715"
Z2-BDB-1018,"28.476226781726346, 35.00128000974655"
Z2-BDB-1017,"28.4751233, 35.0020366"
Z2-BDB-1016,"28.47363, 35.0008666"
Z2-BDB-1015,"28.474026433407776, 35.00173397362232"
Z2-BDB-1013,"28.472777, 35.00197"
Z2-BDB-1012,"28.4743083, 35.00177"
Z2-BDB-1011,"28.473393, 35.001888"
Z2-BDB-1010,"28.4652616, 34.99579"
Z2-BDB-1009,"28.4729449, 35.0019399"
Z2-BDB-1008,"28.471982243407503, 35.00194385647774"
Z2-BDB-1007,"28.4715755226862, 35.002952702343464"
Z2-BDB-1006,"28.4739416, 35.0018383"
Z2-BDB-1005,"28.47162680495038, 35.00205483287573"
Z2-BDB-1004,"28.47116496894991, 35.00174369663"
Z2-BDB-1169,"28.46357872164189, 34.997528940439224"
Z2-BDB-1099,"28.463997, 34.997775"
Z2-BDB-1098,"28.467402, 34.99956"
Z2-BDB-1097,"28.473235, 35.0019133"
Z2-BDB-1165,"28.466866, 34.999459"
Z2-BDB-1096,"28.465025, 34.99705"
Z2-BDB-1095,"28.469037903696925, 35.00062823295593"
Z2-BDB-1164,"28.472291, 35.001517"
Z2-BDB-1163,"28.462676788812807, 35.03628920763731"
Z2-BDB-1094,"28.473359, 35.001435"
Z2-BDB-1093,"28.473364, 35.001422"
Z2-BDB-1092,"28.473818656385795, 35.001210272312164"
Z2-BDB-1090,"28.474937995002374, 35.00059671700001"
Z2-BDB-1089,"28.47518025156191, 35.00101547688246"
Z2-BDB-1088,"28.476631126847387, 35.000920593738556"
Z2-BDB-1087,"28.47710030670961, 35.000660084187984"
Z2-BDB-2302,"28.45791, 34.999535"
Z2-BDB-0948,"28.4608966, 35.036375"
Z2-BDB-0947,"28.46283, 35.0415266"
Z2-BDB-2146,"28.4609516, 35.0282533"
Z2-BDB-4769,"28.46211, 35.035415"
Z2-BDB-4554,"28.46964, 35.0406033"
Z2-BDB-1809,"28.4608933, 35.0285366"
Z2-BDB-1869,"28.4659483, 35.0320799"
Z2-BDB-0911,"28.4672333, 35.0196433"
Z2-BDB-1803,"28.4637349, 35.0366316"
Z2-BDB-1808,"28.47121212523904, 35.033970437943935"
Z2-BDB-0909,"28.471494767805964, 35.03442104905844"
Z2-BDB-0908,"28.471709033356486, 35.03484148532152"
Z2-BDB-0907,"28.472041, 35.03557"
Z2-BDB-0849,"28.4699999, 35.02905"
Z2-BDB-1731,"28.4278316, 35.0376166"
Z2-BDB-2191,"28.462498, 35.036342"
Z2-BDB-1947,"28.466715, 35.019775"
Z2-BDA-1929,"28.4271366, 35.0370483"
Z2-BDB-1021,"28.478947, 35.00163"
Z2-BDB-1997,"28.458933, 35.020565"
Z2-BDB-1996,"28.459293, 35.020507"
Z2-BDB-1995,"28.458723, 35.020593"
Z2-BDB-2055,"28.466482244627166, 35.019891522824764"
Z2-BDB-0836,"28.47019295525172, 35.027747713029385"
Z2-BDB-0835,"28.4693616, 35.0280366"
Z2-BDB-0834,"28.470252195881574, 35.02832271158695"
Z2-BDB-0833,"28.469582273787985, 35.02949181944132"
Z2-BDB-0832,"28.469579621206375, 35.029495507478714"
Z2-BDB-0831,"28.46838890006415, 35.03172140568495"
Z2-BDB-0829,"28.46883, 35.0316216"
Z2-BDB-0828,"28.469682482378342, 35.0313076749444"
Z2-BDB-0827,"28.46929844717653, 35.02987336367369"
Z2-BDB-0826,"28.46920000661609, 35.02964906394482"
Z2-BDB-0825,"28.4692116, 35.02964"
Z2-BDB-0824,"28.468912642179976, 35.02912972122431"
Z2-BDB-0823,"28.464147, 35.034242"
Z2-BDB-0999,"28.467228228769095, 35.031483359634876"
Z2-BDB-0822,"28.4677716, 35.0325"
Z2-BDB-0821,"28.46702662788458, 35.033511109650135"
Z2-BDB-0881,"28.46640089637384, 35.032503604888916"
Z2-BDB-0820,"28.463175, 35.0358883"
Z2-BDB-0818,"28.4626866, 35.034565"
Z2-BDB-0816,"28.462063, 35.03435"
Z2-BDB-0815,"28.4619899, 35.0352949"
Z2-BDB-0814,"28.462503, 35.034719"
Z2-BDB-0812,"28.46250259109523, 35.03471877425909"
Z2-BDB-0811,"28.463307847852555, 35.03429934382439"
Z2-BDB-0996,"28.46331551132077, 35.034297332167625"
Z2-BDB-0995,"28.4633883, 35.0344266"
Z2-BDB-0809,"28.4644583, 35.0315766"
Z2-BDB-0813,"28.464987607847878, 35.03014225512743"
Z2-BDB-0808,"28.466823258181545, 35.02854064106941"
Z2-BDB-0803,"28.46575600293224, 35.02768434584141"
Z2-BDB-0994,"28.465790192994103, 35.02768233418465"
Z2-BDB-0993,"28.465319194444128, 35.02877030521631"
Z2-BDB-0899,"28.466265021071937, 35.02860635519028"
Z2-BDB-0992,"28.466259126260976, 35.02855405211449"
Z2-BDB-0898,"28.46462, 35.0263066"
Z2-BDB-0991,"28.4670816, 35.0298866"
Z2-BDB-0897,"28.468116564927392, 35.02785164862871"
Z2-BDB-0896,"28.468195, 35.0280033"
Z2-BDB-0990,"28.467968018193297, 35.026016011834145"
Z2-BDB-0894,"28.46741273450471, 35.026223212480545"
Z2-BDB-0891,"28.46462801942982, 35.026737190783024"
Z2-BDB-0890,"28.4648216, 35.0266533"
Z2-BDB-0889,"28.4662266, 35.026055"
Z2-BDB-0989,"28.4656516, 35.0264966"
Z2-BDB-0888,"28.464475, 35.023225"
Z2-BDB-0988,"28.464393107318916, 35.026349276304245"
Z2-BDB-0887,"28.46425, 35.0263133"
Z2-BDB-0886,"28.46373464323626, 35.02405934035778"
Z2-BDB-0884,"28.463994610297963, 35.02589263021946"
Z2-BDB-0882,"28.463280436211704, 35.026234947144985"
Z2-BDB-0880,"28.46279, 35.0260016"
Z2-BDB-1525,"28.464792, 35.013535"
Z2-BDB-0987,"28.46127140885524, 35.02701312303543"
Z2-BDB-0876,"28.46977, 35.0312016"
Z2-BDB-0874,"28.4615833, 35.0280066"
Z2-BDB-0873,"28.462900209492222, 35.027324594557285"
Z2-BDB-0872,"28.46288635624482, 35.02732392400503"
Z2-BDB-0871,"28.463708115949096, 35.02940699458122"
Z2-BDB-0869,"28.463528909212588, 35.029331892728806"
Z2-BDB-0868,"28.4631133, 35.0287033"
Z2-BDB-0867,"28.4613633, 35.0350316"
Z2-BDB-0866,"28.462871618745606, 35.02834618091583"
Z2-BDB-0865,"28.46291082048898, 35.02827174961567"
Z2-BDB-0864,"28.463385366755446, 35.02775240689516"
Z2-BDB-0863,"28.4635533, 35.0274733"
Z2-BDB-0862,"28.46643331778665, 35.025533214211464"
Z2-BDB-0861,"28.46643331778665, 35.025533214211464"
Z2-BDB-0860,"28.4665449, 35.0254533"
Z2-BDB-0986,"28.465617768862387, 35.025289468467236"
Z2-BDB-0859,"28.465617768862387, 35.025289468467236"
Z2-BDB-0858,"28.465384627409552, 35.025041699409485"
Z2-BDB-0985,"28.465329215711748, 35.025139935314655"
Z2-BDB-0857,"28.465708549465948, 35.02473894506693"
Z2-BDB-0856,"28.46603777587073, 35.02458605915308"
Z2-BDB-0855,"28.466142703676756, 35.024728551506996"
Z2-BDB-0854,"28.4662683, 35.02473"
Z2-BDB-0853,"28.46654944531094, 35.0246799364686"
Z2-BDB-0801,"28.466873658535718, 35.02443686127663"
Z2-BDB-0984,"28.4667033, 35.0237"
Z2-BDB-0749,"28.4643116, 35.0232766"
Z2-BDB-0983,"28.46417263725929, 35.0234055519104"
Z2-BDB-0748,"28.463635607996927, 35.02349004149437"
Z2-BDB-0747,"28.4625433, 35.0238133"
Z2-BDB-0746,"28.4624049, 35.0237866"
Z2-BDB-0982,"28.4617233, 35.0239966"
Z2-BDB-0745,"28.460462894258576, 35.024627298116684"
Z2-BDB-0744,"28.4605066, 35.02464"
Z2-BDB-0743,"28.4365533, 35.0049316"
Z2-BDB-0741,"28.45997153366064, 35.02396445721388"
Z2-BDB-0738,"28.46259072161768, 35.023027025163174"
Z2-BDB-0737,"28.463589332570532, 35.022780261933804"
Z2-BDB-0981,"28.463872879769315, 35.02272326499224"
Z2-BDB-0736,"28.463893512072165, 35.02285972237587"
Z2-BDB-0735,"28.46397810447177, 35.02275712788105"
Z2-BDB-0734,"28.4641566, 35.0226966"
Z2-BDB-0733,"28.464004336944313, 35.022250190377235"
Z2-BDB-0732,"28.464069181230517, 35.02227500081062"
Z2-BDB-0731,"28.4669649, 35.0195883"
Z2-BDB-0730,"28.4643416, 35.0221516"
Z2-BDB-0729,"28.46509, 35.0204349"
Z2-BDB-0728,"28.465105210679756, 35.0230223312974"
Z2-BDB-0727,"28.465307994202746, 35.02294488251209"
Z2-BDB-0726,"28.465307994202746, 35.02294488251209"
Z2-BDB-0725,"28.465621011028126, 35.02299249172211"
Z2-BDB-0724,"28.465886278798443, 35.0229237601161"
Z2-BDB-0723,"28.4668616, 35.0223833"
Z2-BDB-0979,"28.4683333, 35.0006066"
Z2-BDB-0977,"28.466356980080626, 35.021808966994286"
Z2-BDB-0721,"28.46628241076242, 35.02127856016159"
Z2-BDB-0718,"28.465292962297983, 35.02104889601469"
Z2-BDB-0717,"28.4650233, 35.02095"
Z2-BDB-0716,"28.465700591429137, 35.021712742745876"
Z2-BDB-0976,"28.4646, 35.0215249"
Z2-BDB-0715,"28.4638549, 35.021615"
Z2-BDB-0974,"28.4606566, 35.0227549"
Z2-BDB-0712,"28.4680033, 35.0220966"
Z2-BDB-0972,"28.463295, 35.02114"
Z2-BDB-0971,"28.463506803097392, 35.021118968725204"
Z2-BDB-0970,"28.4638451735277, 35.0208929926157"
Z2-BDB-0969,"28.4642033, 35.0202833"
Z2-BDB-0968,"28.47514, 35.0017966"
Z2-BDB-0707,"28.465472460785932, 35.02023048698902"
Z2-BDB-0705,"28.465472755528673, 35.02023484557867"
Z2-BDB-0704,"28.466122956035825, 35.02081252634525"
Z2-BDB-0703,"28.466363759106937, 35.021429769694805"
Z2-BDB-0966,"28.46670182565049, 35.01970745623112"
Z2-BDB-0965,"28.4648416, 35.0205216"
Z2-BDB-0701,"28.464125, 35.0222349"
Z2-BDB-0798,"28.451350686991752, 35.02568744122982"
Z2-BDB-0796,"28.4521116, 35.02547"
Z2-BDB-0795,"28.4581016, 35.0219483"
Z2-BDB-0794,"28.4586916, 35.0209583"
Z2-BDB-0967,"28.4585816, 35.0207333"
Z2-BDB-0793,"28.461586795664935, 35.02057917416096"
Z2-BDB-0792,"28.4615766, 35.0207"
Z2-BDB-0963,"28.4626883, 35.0200583"
Z2-BDB-0962,"28.4631566, 35.0198516"
Z2-BDB-0791,"28.4641833, 35.020575"
Z2-BDB-0788,"28.4646083, 35.0194083"
Z2-BDB-0787,"28.4664633, 35.0190366"
Z2-BDB-0961,"28.465000576587656, 35.01848839223385"
Z2-BDB-0786,"28.4651966, 35.0185233"
Z2-BDB-0960,"28.4598516, 35.02756"
Z2-BDB-0959,"28.459885169504293, 35.02860836684704"
Z2-BDB-0783,"28.4641866, 35.0328816"
Z2-BDB-0781,"28.459885, 35.0336933"
Z2-BDB-0780,"28.4604349, 35.0306633"
Z2-BDB-0779,"28.457415, 35.032465"
Z2-BDB-0778,"28.45969475544952, 35.03203991800547"
Z2-BDB-0777,"28.459692397378568, 35.032038912177086"
Z2-BDB-0775,"28.460584333958373, 35.031744204461575"
Z2-BDB-0774,"28.4611066, 35.0320483"
Z2-BDB-0773,"28.461083355337667, 35.033564418554306"
Z2-BDB-0772,"28.461084534357635, 35.034135058522224"
Z2-BDB-0771,"28.461115, 35.0342733"
Z2-BDB-0957,"28.461018509219567, 35.03486428409815"
Z2-BDB-0770,"28.460928608853624, 35.0356213375926"
Z2-BDB-0766,"28.4594683, 35.0370299"
Z2-BDB-0955,"28.4599466, 35.03669"
Z2-BDB-1468,"28.471232, 35.003245"
Z2-BDB-0765,"28.469650061962447, 35.0276467949152"
Z2-BDB-0764,"28.46962, 35.02788"
Z2-BDB-0954,"28.4692516, 35.028385"
Z2-BDB-0762,"28.468085028237418, 35.0295065715909"
Z2-BDB-0760,"28.466744857582793, 35.03112159669399"
Z2-BDB-0759,"28.4664733, 35.031465"
Z2-BDB-0953,"28.465048, 35.032944"
Z2-BDB-0758,"28.46435714832989, 35.03311984241009"
Z2-BDB-0756,"28.463575, 35.0351383"
Z2-BDB-0755,"28.46321, 35.0354266"
Z2-BDB-0754,"28.4615266, 35.0374316"
Z2-BDB-0515,"28.462635, 35.026295"
Z2-BDB-0578,"28.464333, 35.020184"
Z2-BDB-0454,"28.463648, 35.036297"
Z2-BDB-3880,"28.467233, 35.019505"
Z2-BDC-0158,"28.57140346028428, 35.0351345166564"
Z2-BDC-0159,"28.571451455101386, 35.03517106175423"
Z2-BDC-0160,"28.5717949, 35.0352049"
Z2-BDC-0161,"28.570778, 35.034625"
Z2-BDC-0162,"28.570715, 35.034645"
Z2-BDC-0163,"28.570715, 35.034645"
Z2-BDC-0164,"28.562817, 35.035218"
Z2-BDC-0165,"28.554155, 35.03325"
Z2-BDB-0178,"28.464153, 35.029"
Z2-BDB-0069,"28.470548, 35.003687"
Z2-BDB-2500,"28.46729, 35.01959"