Task ID,Route Name,Vehicle ID,Date,Due Date,Arrive Time,Operation,Task Template,Task Status,Planned/Adhoc,Zone,Service Point,Asset Types,Completed Asset Types,Asset Collects
360-24141522,Zone 2 B (Day) - V 2.0,REL 7,10/1/2026,10/1/2026,11:23:27 am,Waste Collection,CIT Waste Collection,Done,Planned,Albada  Zone-2,Z2-BDB-0990,"1100L, 240L",1100L,1
360-24141519,Zone 2 B (Day) - V 2.0,REL 7,10/1/2026,10/1/2026,11:22:46 am,Waste Collection,CIT Waste Collection,Done,Planned,Albada  Zone-2,Z2-BDB-0894,"1100L, 240L",1100L,1
360-24141778,Zone 2 B (Day) - V 2.0,REL 7,10/1/2026,10/1/2026,11:21:13 am,Waste Collection,CIT Waste Collection,Done,Planned,Albada  Zone-2,Z2-BDB-2569,"1100L, 240L",240L,1
360-24141395,Zone 2 B (Day) - V 2.0,REL 7,10/1/2026,10/1/2026,11:19:52 am,Waste Collection,CIT Waste Collection,Done,Planned,Albada  Zone-2,Z2-BDB-0984,"1100L, 240L",1100L,1
360-24141658,Zone 2 B (Day) - V 2.0,REL 7,10/1/2026,10/1/2026,11:19:04 am,Waste Collection,CIT Waste Collection,Done,Planned,Albada  Zone-2,Z2-BDB-0724,"1100L, 240L",1100L,1
360-24141664,Zone 2 B (Day) - V 2.0,REL 7,10/1/2026,10/1/2026,11:17:55 am,Waste Collection,CIT Waste Collection,Done,Planned,Albada  Zone-2,Z2-BDB-0726,"1100L, 240L",1100L,1
360-24141661,Zone 2 B (Day) - V 2.0,REL 7,10/1/2026,10/1/2026,11:17:19 am,Waste Collection,CIT Waste Collection,Done,Planned,Albada  Zone-2,Z2-BDB-0725,"1100L, 240L",1100L,1
360-24141667,Zone 2 B (Day) - V 2.0,REL 7,10/1/2026,10/1/2026,11:16:48 am,Waste Collection,CIT Waste Collection,Done,Planned,Albada  Zone-2,Z2-BDB-0727,"1100L, 240L",1100L,1
360-24141670,Zone 2 B (Day) - V 2.0,REL 7,10/1/2026,10/1/2026,11:16:16 am,Waste Collection,CIT Waste Collection,Done,Planned,Albada  Zone-2,Z2-BDB-0728,"1100L, 240L",1100L,1
360-24140871,Zone 2 B (Day) - V 2.0,REL 7,10/1/2026,10/1/2026,11:15:41 am,Waste Collection,CIT Waste Collection,Done,Planned,Albada  Zone-2,Z2-BDB-5882,"1100L, 240L",240L,1
360-24141506,Zone 2 B (Day) - V 2.0,REL 7,10/1/2026,10/1/2026,11:15:38 am,Waste Collection,CIT Waste Collection,Done,Planned,Albada  Zone-2,Z2-BDB-0888,"1100L, 240L",1100L,1
360-24141934,Zone 2 B (Day) - V 2.0,REL 7,10/1/2026,10/1/2026,11:15:12 am,Waste Collection,CIT Waste Collection,Done,Planned,Albada  Zone-2,Z2-BDB-1113,"1100L, 240L",240L,1
360-24141391,Zone 2 B (Day) - V 2.0,REL 7,10/1/2026,10/1/2026,11:14:41 am,Waste Collection,CIT Waste Collection,Done,Planned,Albada  Zone-2,Z2-BDB-0749,"1100L, 240L",1100L,1
360-24141387,Zone 2 B (Day) - V 2.0,REL 7,10/1/2026,10/1/2026,11:13:47 am,Waste Collection,CIT Waste Collection,Done,Planned,Albada  Zone-2,Z2-BDB-0983,"1100L, 240L",1100L,1
360-24141383,Zone 2 B (Day) - V 2.0,REL 7,10/1/2026,10/1/2026,11:12:47 am,Waste Collection,CIT Waste Collection,Done,Planned,Albada  Zone-2,Z2-BDB-0748,"1100L, 240L",1100L,1
360-24141379,Zone 2 B (Day) - V 2.0,REL 7,10/1/2026,10/1/2026,11:12:16 am,Waste Collection,CIT Waste Collection,Done,Planned,Albada  Zone-2,Z2-BDB-0747,"1100L, 240L",1100L,1
360-24141375,Zone 2 B (Day) - V 2.0,REL 7,10/1/2026,10/1/2026,11:11:49 am,Waste Collection,CIT Waste Collection,Done,Planned,Albada  Zone-2,Z2-BDB-0746,"1100L, 240L",1100L,1
360-24141371,Zone 2 B (Day) - V 2.0,REL 7,10/1/2026,10/1/2026,11:10:19 am,Waste Collection,CIT Waste Collection,Done,Planned,Albada  Zone-2,Z2-BDB-0982,"1100L, 240L",1100L,1
360-24141367,Zone 2 B (Day) - V 2.0,REL 7,10/1/2026,10/1/2026,11:09:32 am,Waste Collection,CIT Waste Collection,Done,Planned,Albada  Zone-2,Z2-BDB-0745,"1100L, 240L",1100L,1
360-24141363,Zone 2 B (Day) - V 2.0,REL 7,10/1/2026,10/1/2026,11:08:19 am,Waste Collection,CIT Waste Collection,Done,Planned,Albada  Zone-2,Z2-BDB-0744,"1100L, 240L",1100L,1
360-24140856,Zone 2 B (Day) - V 2.0,REL 7,10/1/2026,10/1/2026,11:06:19 am,Waste Collection,CIT Waste Collection,Done,Planned,Albada  Zone-2,Z2-BDB-5883,"1100L, 240L",240L,1
360-24141355,Zone 2 B (Day) - V 2.0,REL 7,10/1/2026,10/1/2026,11:05:47 am,Waste Collection,CIT Waste Collection,Done,Planned,Albada  Zone-2,Z2-BDB-0741,"1100L, 240L",1100L,1
360-24141339,Zone 2 B (Day) - V 2.0,REL 7,10/1/2026,10/1/2026,11:03:59 am,Waste Collection,CIT Waste Collection,Done,Planned,Albada  Zone-2,Z2-BDB-0974,"1100L, 240L",1100L,1
360-24141966,Zone 2 B (Day) - V 2.0,REL 7,10/1/2026,10/1/2026,11:01:50 am,Waste Collection,CIT Waste Collection,Done,Planned,Albada  Zone-2,Z2-BDB-4540,"1100L, 240L",240L,1
360-24141343,Zone 2 B (Day) - V 2.0,REL 7,10/1/2026,10/1/2026,10:59:44 am,Waste Collection,CIT Waste Collection,Done,Planned,Albada  Zone-2,Z2-BDB-0715,"1100L, 240L",1100L,1
360-24140687,Zone 2 B (Day) - V 2.0,REL 7,10/1/2026,10/1/2026,10:58:28 am,Waste Collection,CIT Waste Collection,Done,Planned,Albada  Zone-2,Z2-BDB-3943,"1100L, 240L",1100L,1
360-24141347,Zone 2 B (Day) - V 2.0,REL 7,10/1/2026,10/1/2026,10:57:11 am,Waste Collection,CIT Waste Collection,Done,Planned,Albada  Zone-2,Z2-BDB-0976,"1100L, 240L",1100L,1
360-24141679,Zone 2 B (Day) - V 2.0,REL 7,10/1/2026,10/1/2026,10:55:31 am,Waste Collection,CIT Waste Collection,Done,Planned,Albada  Zone-2,Z2-BDB-0730,"1100L, 240L",1100L,1
360-24141684,Zone 2 B (Day) - V 2.0,REL 7,10/1/2026,10/1/2026,10:54:52 am,Waste Collection,CIT Waste Collection,Done,Planned,Albada  Zone-2,Z2-BDB-0732,"1100L, 240L",1100L,1
360-24141284,Zone 2 B (Day) - V 2.0,REL 7,10/1/2026,10/1/2026,10:54:48 am,Waste Collection,CIT Waste Collection,Done,Planned,Albada  Zone-2,Z2-BDB-0701,"1100L, 240L",1100L,1
360-24141687,Zone 2 B (Day) - V 2.0,REL 7,10/1/2026,10/1/2026,10:54:25 am,Waste Collection,CIT Waste Collection,Done,Planned,Albada  Zone-2,Z2-BDB-0733,"1100L, 240L",1100L,1
360-24141690,Zone 2 B (Day) - V 2.0,REL 7,10/1/2026,10/1/2026,10:52:56 am,Waste Collection,CIT Waste Collection,Done,Planned,Albada  Zone-2,Z2-BDB-0734,"1100L, 240L",1100L,1
360-24141701,Zone 2 B (Day) - V 2.0,REL 7,10/1/2026,10/1/2026,10:52:32 am,Waste Collection,CIT Waste Collection,Done,Planned,Albada  Zone-2,Z2-BDB-0737,"1100L, 240L",1100L,1
360-24141696,Zone 2 B (Day) - V 2.0,REL 7,10/1/2026,10/1/2026,10:52:10 am,Waste Collection,CIT Waste Collection,Done,Planned,Albada  Zone-2,Z2-BDB-0736,"1100L, 240L",1100L,1
360-24141698,Zone 2 B (Day) - V 2.0,REL 7,10/1/2026,10/1/2026,10:51:06 am,Waste Collection,CIT Waste Collection,Done,Planned,Albada  Zone-2,Z2-BDB-0981,"1100L, 240L",1100L,1
360-24141693,Zone 2 B (Day) - V 2.0,REL 7,10/1/2026,10/1/2026,10:50:45 am,Waste Collection,CIT Waste Collection,Done,Planned,Albada  Zone-2,Z2-BDB-0735,"1100L, 240L",1100L,1
360-24140625,Zone 2 B (Day) - V 2.0,REL 7,10/1/2026,10/1/2026,10:50:09 am,Waste Collection,CIT Waste Collection,Done,Planned,Albada  Zone-2,Z2-BDB-0738,"1100L, 240L",1100L,1
360-24141331,Zone 2 B (Day) - V 2.0,REL 7,10/1/2026,10/1/2026,10:48:08 am,Waste Collection,CIT Waste Collection,Done,Planned,Albada  Zone-2,Z2-BDB-0972,"1100L, 240L",1100L,1
360-24141323,Zone 2 B (Day) - V 2.0,REL 7,10/1/2026,10/1/2026,10:47:43 am,Waste Collection,CIT Waste Collection,Done,Planned,Albada  Zone-2,Z2-BDB-0970,"1100L, 240L",1100L,1
360-24141327,Zone 2 B (Day) - V 2.0,REL 7,10/1/2026,10/1/2026,10:47:15 am,Waste Collection,CIT Waste Collection,Done,Planned,Albada  Zone-2,Z2-BDB-0971,"1100L, 240L",1100L,1
360-24141319,Zone 2 B (Day) - V 2.0,REL 7,10/1/2026,10/1/2026,10:46:24 am,Waste Collection,CIT Waste Collection,Done,Planned,Albada  Zone-2,Z2-BDB-0969,"1100L, 240L",1100L,1
360-24140826,Zone 2 B (Day) - V 2.0,REL 7,10/1/2026,10/1/2026,10:45:35 am,Waste Collection,CIT Waste Collection,Done,Planned,Albada  Zone-2,Z2-BDB-0578,"1100L, 240L",1100L,1
360-24141289,Zone 2 B (Day) - V 2.0,REL 7,10/1/2026,10/1/2026,10:44:53 am,Waste Collection,CIT Waste Collection,Done,Planned,Albada  Zone-2,Z2-BDB-0965,"1100L, 240L",1100L,1
360-24141676,Zone 2 B (Day) - V 2.0,REL 7,10/1/2026,10/1/2026,10:44:23 am,Waste Collection,CIT Waste Collection,Done,Planned,Albada  Zone-2,Z2-BDB-0729,"1100L, 240L",1100L,1
360-24141307,Zone 2 B (Day) - V 2.0,REL 7,10/1/2026,10/1/2026,10:43:17 am,Waste Collection,CIT Waste Collection,Done,Planned,Albada  Zone-2,Z2-BDB-0705,"1100L, 240L",1100L,1
360-24141640,Zone 2 B (Day) - V 2.0,REL 7,10/1/2026,10/1/2026,10:41:32 am,Waste Collection,CIT Waste Collection,Done,Planned,Albada  Zone-2,Z2-BDB-0717,"1100L, 240L",1100L,1
360-24141634,Zone 2 B (Day) - V 2.0,REL 7,10/1/2026,10/1/2026,10:40:32 am,Waste Collection,CIT Waste Collection,Done,Planned,Albada  Zone-2,Z2-BDB-0716,"1100L, 240L",1100L,1
360-24141643,Zone 2 B (Day) - V 2.0,REL 7,10/1/2026,10/1/2026,10:40:29 am,Waste Collection,CIT Waste Collection,Done,Planned,Albada  Zone-2,Z2-BDB-0718,"1100L, 240L",1100L,1
360-24141649,Zone 2 B (Day) - V 2.0,REL 7,10/1/2026,10/1/2026,10:39:06 am,Waste Collection,CIT Waste Collection,Done,Planned,Albada  Zone-2,Z2-BDB-0977,"1100L, 240L",1100L,1
360-24141646,Zone 2 B (Day) - V 2.0,REL 7,10/1/2026,10/1/2026,10:38:11 am,Waste Collection,CIT Waste Collection,Done,Planned,Albada  Zone-2,Z2-BDB-0721,"1100L, 240L",1100L,1
360-24141731,Zone 2 B (Day) - V 2.0,REL 7,10/1/2026,10/1/2026,10:37:43 am,Waste Collection,CIT Waste Collection,Done,Planned,Albada  Zone-2,Z2-BDB-5878,"1100L, 240L",240L,1
360-24141781,Zone 2 B (Day) - V 2.0,REL 7,10/1/2026,10/1/2026,10:37:17 am,Waste Collection,CIT Waste Collection,Done,Planned,Albada  Zone-2,Z2-BDB-2656,"1100L, 240L",240L,1
360-24141299,Zone 2 B (Day) - V 2.0,REL 7,10/1/2026,10/1/2026,10:36:33 am,Waste Collection,CIT Waste Collection,Done,Planned,Albada  Zone-2,Z2-BDB-0703,"1100L, 240L",1100L,1
360-24141294,Zone 2 B (Day) - V 2.0,REL 7,10/1/2026,10/1/2026,10:35:23 am,Waste Collection,CIT Waste Collection,Done,Planned,Albada  Zone-2,Z2-BDB-0966,"1100L, 240L",1100L,1
360-24141303,Zone 2 B (Day) - V 2.0,REL 7,10/1/2026,10/1/2026,10:34:45 am,Waste Collection,CIT Waste Collection,Done,Planned,Albada  Zone-2,Z2-BDB-0704,"1100L, 240L",1100L,1
360-24141311,Zone 2 B (Day) - V 2.0,REL 7,10/1/2026,10/1/2026,10:33:09 am,Waste Collection,CIT Waste Collection,Done,Planned,Albada  Zone-2,Z2-BDB-0707,"1100L, 240L",1100L,1
360-24140878,Zone 2 B (Day) - V 2.0,REL 7,10/1/2026,10/1/2026,10:33:02 am,Waste Collection,CIT Waste Collection,Done,Planned,Albada  Zone-2,Z2-BDB-5879,"1100L, 240L",240L,1
360-24141719,Zone 2 B (Day) - V 2.0,REL 7,10/1/2026,10/1/2026,10:32:16 am,Waste Collection,CIT Waste Collection,Done,Planned,Albada  Zone-2,Z2-BDB-2055,"1100L, 240L",240L,1
360-24141035,Zone 2 B (Day) - V 2.0,REL 7,10/1/2026,10/1/2026,10:31:59 am,Waste Collection,CIT Waste Collection,Done,Planned,Albada  Zone-2,Z2-BDB-0911,"1100L, 240L",1100L,1
360-24140728,Zone 2 B (Day) - V 2.0,REL 7,10/1/2026,10/1/2026,10:31:32 am,Waste Collection,CIT Waste Collection,Done,Planned,Albada  Zone-2,Z2-BDB-4994,"1100L, 240L",240L,1
360-24141682,Zone 2 B (Day) - V 2.0,REL 7,10/1/2026,10/1/2026,10:30:57 am,Waste Collection,CIT Waste Collection,Done,Planned,Albada  Zone-2,Z2-BDB-0731,"1100L, 240L",1100L,1
360-24141406,Zone 2 B (Day) - V 2.0,REL 7,10/1/2026,10/1/2026,10:27:37 am,Waste Collection,CIT Waste Collection,Done,Planned,Albada  Zone-2,Z2-BDB-5845,"1100L, 240L",1100L,1
360-24140833,Zone 2 B (Day) - V 2.0,REL 7,10/1/2026,10/1/2026,10:27:36 am,Waste Collection,CIT Waste Collection,Done,Planned,Albada  Zone-2,Z2-BDB-2500,"1100L, 240L",1100L,1
360-24141968,Zone 2 B (Day) - V 2.0,REL 7,10/1/2026,10/1/2026,10:26:19 am,Waste Collection,CIT Waste Collection,Done,Planned,Albada  Zone-2,Z2-BDB-3880,"1100L, 240L",1100L,1
360-24140693,Zone 2 B (Day) - V 2.0,REL 7,10/1/2026,10/1/2026,10:25:06 am,Waste Collection,CIT Waste Collection,Done,Planned,Albada  Zone-2,Z2-BDB-2674,"1100L, 240L",1100L,1
360-24141212,Zone 2 B (Day) - V 2.0,REL 7,10/1/2026,10/1/2026,10:24:03 am,Waste Collection,CIT Waste Collection,Done,Planned,Albada  Zone-2,Z2-BDB-0787,"1100L, 240L",1100L,1
360-24141219,Zone 2 B (Day) - V 2.0,REL 7,10/1/2026,10/1/2026,10:23:04 am,Waste Collection,CIT Waste Collection,Done,Planned,Albada  Zone-2,Z2-BDB-0788,"1100L, 240L",1100L,1
360-24140841,Zone 2 B (Day) - V 2.0,REL 7,10/1/2026,10/1/2026,10:22:22 am,Waste Collection,CIT Waste Collection,Done,Planned,Albada  Zone-2,Z2-BDB-0790,"1100L, 240L",1100L,1
360-24141200,Zone 2 B (Day) - V 2.0,REL 7,10/1/2026,10/1/2026,10:21:53 am,Waste Collection,CIT Waste Collection,Done,Planned,Albada  Zone-2,Z2-BDB-0789,"1100L, 240L",1100L,1
360-24141237,Zone 2 B (Day) - V 2.0,REL 7,10/1/2026,10/1/2026,10:20:55 am,Waste Collection,CIT Waste Collection,Done,Planned,Albada  Zone-2,Z2-BDB-0962,"1100L, 240L",1100L,1
360-24141243,Zone 2 B (Day) - V 2.0,REL 7,10/1/2026,10/1/2026,10:19:57 am,Waste Collection,CIT Waste Collection,Done,Planned,Albada  Zone-2,Z2-BDB-0963,"1100L, 240L",1100L,1
360-24141256,Zone 2 B (Day) - V 2.0,REL 7,10/1/2026,10/1/2026,10:18:32 am,Waste Collection,CIT Waste Collection,Done,Planned,Albada  Zone-2,Z2-BDB-0793,"1100L, 240L",1100L,1
360-24141249,Zone 2 B (Day) - V 2.0,REL 7,10/1/2026,10/1/2026,10:18:03 am,Waste Collection,CIT Waste Collection,Done,Planned,Albada  Zone-2,Z2-BDB-0792,"1100L, 240L",1100L,1
360-24141846,Zone 2 B (Day) - V 2.0,REL 7,10/1/2026,10/1/2026,10:15:26 am,Waste Collection,CIT Waste Collection,Done,Planned,Albada  Zone-2,Z2-BDB-1996,"1100L, 240L",240L,1
360-24141843,Zone 2 B (Day) - V 2.0,REL 7,10/1/2026,10/1/2026,10:14:49 am,Waste Collection,CIT Waste Collection,Done,Planned,Albada  Zone-2,Z2-BDB-1995,"1100L, 240L",240L,1
360-24141849,Zone 2 B (Day) - V 2.0,REL 7,10/1/2026,10/1/2026,10:14:27 am,Waste Collection,CIT Waste Collection,Done,Planned,Albada  Zone-2,Z2-BDB-1997,"1100L, 240L",240L,1
360-24141264,Zone 2 B (Day) - V 2.0,REL 7,10/1/2026,10/1/2026,10:14:08 am,Waste Collection,CIT Waste Collection,Done,Planned,Albada  Zone-2,Z2-BDB-0794,"1100L, 240L",1100L,1
360-24141259,Zone 2 B (Day) - V 2.0,REL 7,10/1/2026,10/1/2026,10:12:56 am,Waste Collection,CIT Waste Collection,Done,Planned,Albada  Zone-2,Z2-BDB-0967,"1100L, 240L",1100L,1
360-24140806,Zone 2 B (Day) - V 2.0,REL 7,10/1/2026,10/1/2026,10:12:16 am,Waste Collection,CIT Waste Collection,Done,Planned,Albada  Zone-2,Z2-BDB-2341,"1100L, 240L",240L,1
360-24141269,Zone 2 B (Day) - V 2.0,REL 7,10/1/2026,10/1/2026,10:11:27 am,Waste Collection,CIT Waste Collection,Done,Planned,Albada  Zone-2,Z2-BDB-0795,"1100L, 240L",1100L,1
360-24141275,Zone 2 B (Day) - V 2.0,REL 7,10/1/2026,10/1/2026,10:08:49 am,Waste Collection,CIT Waste Collection,Done,Planned,Albada  Zone-2,Z2-BDB-0796,"1100L, 240L",1100L,1
360-24141280,Zone 2 B (Day) - V 2.0,REL 7,10/1/2026,10/1/2026,10:07:13 am,Waste Collection,CIT Waste Collection,Done,Planned,Albada  Zone-2,Z2-BDB-0798,"1100L, 240L",1100L,1
360-24140769,Zone 2 B (Day) - V 2.0,REL 7,10/1/2026,10/1/2026,10:05:56 am,Waste Collection,CIT Waste Collection,Done,Planned,Albada  Zone-2,Z2-BDB-1768,"1100L, 240L",240L,1
360-24141964,Zone 2 B (Day) - V 2.0,REL 7,10/1/2026,10/1/2026,10:05:17 am,Waste Collection,CIT Waste Collection,Done,Planned,Albada  Zone-2,Z2-BDB-1199,"1100L, 240L",240L,1
360-24141673,Zone 2 B (Day) - V 2.0,REL 7,10/1/2026,10/1/2026,10:05:00 am,Waste Collection,CIT Waste Collection,Done,Planned,Albada  Zone-2,Z2-BDB-5643,"1100L, 240L",1100L,1
360-24141772,Zone 2 B (Day) - V 2.0,REL 7,10/1/2026,10/1/2026,10:04:22 am,Waste Collection,CIT Waste Collection,Done,Planned,Albada  Zone-2,Z2-BDB-1835,"1100L, 240L",240L,1
360-24140951,Zone 2 B (Day) - V 2.0,REL 7,10/1/2026,10/1/2026,10:03:42 am,Waste Collection,CIT Waste Collection,Done,Planned,Albada  Zone-2,Z2-BDB-5638,"1100L, 240L",1100L,1
360-24141775,Zone 2 B (Day) - V 2.0,REL 7,10/1/2026,10/1/2026,10:00:11 am,Waste Collection,CIT Waste Collection,Done,Planned,Albada  Zone-2,Z2-BDB-4949,"1100L, 240L",240L,1
360-24141913,Zone 2 B (Day) - V 2.0,REL 7,10/1/2026,10/1/2026,9:42:06 am,Waste Collection,CIT Waste Collection,Done,Planned,Albada  Zone-2,Z2-BDA-1929,"1100L, 240L",240L,1
360-24140652,Zone 2 B (Day) - V 2.0,REL 7,10/1/2026,10/1/2026,9:41:21 am,Waste Collection,CIT Waste Collection,Done,Planned,Albada  Zone-2,Z2-BDB-1203,"1100L, 240L",1100L,1
360-24140892,Zone 2 B (Day) - V 2.0,REL 7,10/1/2026,10/1/2026,9:39:02 am,Waste Collection,CIT Waste Collection,Done,Planned,Albada  Zone-2,Z2-BDB-1731,"1100L, 240L",1100L,1
360-24140749,Zone 2 B (Day) - V 2.0,REL 7,10/1/2026,10/1/2026,9:23:06 am,Waste Collection,CIT Waste Collection,Done,Planned,Albada  Zone-2,Z2-BDB-4193,"1100L, 240L",1100L,1
360-24141622,Zone 2 B (Day) - V 2.0,REL 7,10/1/2026,10/1/2026,9:16:27 am,Waste Collection,CIT Waste Collection,Done,Planned,Albada  Zone-2,Z2-BDB-1899,"1100L, 240L",1100L,1
360-24141763,Zone 2 B (Day) - V 2.0,REL 7,10/1/2026,10/1/2026,9:13:15 am,Waste Collection,CIT Waste Collection,Done,Planned,Albada  Zone-2,Z2-BDB-3712,"1100L, 240L",1100L,1
360-24141766,Zone 2 B (Day) - V 2.0,REL 7,10/1/2026,10/1/2026,9:11:44 am,Waste Collection,CIT Waste Collection,Done,Planned,Albada  Zone-2,Z2-BDB-0708,"1100L, 240L",1100L,1
360-24141752,Zone 2 B (Day) - V 2.0,REL 7,10/1/2026,10/1/2026,9:08:40 am,Waste Collection,CIT Waste Collection,Done,Planned,Albada  Zone-2,Z2-BDB-0947,"1100L, 240L",1100L,1
360-24141351,Zone 2 B (Day) - V 2.0,REL 7,10/1/2026,10/1/2026,9:03:38 am,Waste Collection,CIT Waste Collection,Done,Planned,Albada  Zone-2,Z2-BDB-4554,"1100L, 240L",240L,1
360-24141007,Zone 2 B (Day) - V 2.0,REL 7,10/1/2026,10/1/2026,8:59:31 am,Waste Collection,CIT Waste Collection,Done,Planned,Albada  Zone-2,Z2-BDB-0908,"1100L, 240L",1100L,1
360-24141000,Zone 2 B (Day) - V 2.0,REL 7,10/1/2026,10/1/2026,8:58:42 am,Waste Collection,CIT Waste Collection,Done,Planned,Albada  Zone-2,Z2-BDB-0907,"1100L, 240L",1100L,1
360-24141014,Zone 2 B (Day) - V 2.0,REL 7,10/1/2026,10/1/2026,8:57:19 am,Waste Collection,CIT Waste Collection,Done,Planned,Albada  Zone-2,Z2-BDB-0909,"1100L, 240L",1100L,1
360-24141021,Zone 2 B (Day) - V 2.0,REL 7,10/1/2026,10/1/2026,8:56:05 am,Waste Collection,CIT Waste Collection,Done,Planned,Albada  Zone-2,Z2-BDB-1808,"1100L, 240L",240L,1
360-24141625,Zone 2 B (Day) - V 2.0,REL 7,10/1/2026,10/1/2026,8:52:19 am,Waste Collection,CIT Waste Collection,Done,Planned,Albada  Zone-2,Z2-BDB-2965,"1100L, 240L",240L,1
360-24141769,Zone 2 B (Day) - V 2.0,REL 7,10/1/2026,10/1/2026,8:50:21 am,Waste Collection,CIT Waste Collection,Done,Planned,Albada  Zone-2,Z2-BDB-4951,"1100L, 240L",240L,1
360-24141749,Zone 2 B (Day) - V 2.0,REL 7,10/1/2026,10/1/2026,8:44:31 am,Waste Collection,CIT Waste Collection,Done,Planned,Albada  Zone-2,Z2-BDB-5894,"1100L, 240L",1100L,1
360-24140885,Zone 2 B (Day) - V 2.0,REL 7,10/1/2026,10/1/2026,8:43:39 am,Waste Collection,CIT Waste Collection,Done,Planned,Albada  Zone-2,Z2-BDB-5895,"1100L, 240L",1100L,1
360-24141335,Zone 2 B (Day) - V 2.0,REL 7,10/1/2026,10/1/2026,8:43:01 am,Waste Collection,CIT Waste Collection,Done,Planned,Albada  Zone-2,Z2-BDB-0712,"1100L, 240L",1100L,1
360-24141737,Zone 2 B (Day) - V 2.0,REL 7,10/1/2026,10/1/2026,8:42:21 am,Waste Collection,CIT Waste Collection,Done,Planned,Albada  Zone-2,Z2-BDB-5881,"1100L, 240L",240L,1
360-24141734,Zone 2 B (Day) - V 2.0,REL 7,10/1/2026,10/1/2026,8:41:19 am,Waste Collection,CIT Waste Collection,Done,Planned,Albada  Zone-2,Z2-BDB-5880,"1100L, 240L",240L,1
360-24141922,Zone 2 B (Day) - V 2.0,REL 7,10/1/2026,10/1/2026,8:40:16 am,Waste Collection,CIT Waste Collection,Done,Planned,Albada  Zone-2,Z2-BDB-1947,"1100L, 240L",240L,1
360-24140702,Zone 2 B (Day) - V 2.0,REL 7,10/1/2026,10/1/2026,8:38:53 am,Waste Collection,CIT Waste Collection,Done,Planned,Albada  Zone-2,Z2-BDB-0919,"1100L, 240L",1100L,1
360-24141206,Zone 2 B (Day) - V 2.0,REL 7,10/1/2026,10/1/2026,8:36:35 am,Waste Collection,CIT Waste Collection,Done,Planned,Albada  Zone-2,Z2-BDB-0961,"1100L, 240L",1100L,1
360-24141194,Zone 2 B (Day) - V 2.0,REL 7,10/1/2026,10/1/2026,8:35:27 am,Waste Collection,CIT Waste Collection,Done,Planned,Albada  Zone-2,Z2-BDB-0786,"1100L, 240L",1100L,1
360-24140631,Zone 2 B (Day) - V 2.0,REL 7,10/1/2026,10/1/2026,8:32:44 am,Waste Collection,CIT Waste Collection,Done,Planned,Albada  Zone-2,Z2-BDB-3929,"1100L, 240L",1100L,1
360-24140638,Zone 2 B (Day) - V 2.0,REL 7,10/1/2026,10/1/2026,8:31:51 am,Waste Collection,CIT Waste Collection,Done,Planned,Albada  Zone-2,Z2-BDB-2680,"1100L, 240L",1100L,1
360-24140776,Zone 2 B (Day) - V 2.0,REL 7,10/1/2026,10/1/2026,8:31:31 am,Waste Collection,CIT Waste Collection,Done,Planned,Albada  Zone-2,Z2-BDB-5626,"1100L, 240L",240L,1
360-24141485,Zone 2 B (Day) - V 2.0,REL 7,10/1/2026,10/1/2026,8:29:45 am,Waste Collection,CIT Waste Collection,Done,Planned,Albada  Zone-2,Z2-BDB-1525,"1100L, 240L",240L,1
360-24140761,Zone 2 B (Day) - V 2.0,REL 7,10/1/2026,10/1/2026,8:24:54 am,Waste Collection,CIT Waste Collection,Done,Planned,Albada  Zone-2,Z2-BDB-0365,"1100L, 240L",240L,1
360-24141182,Zone 2 B (Day) - V 2.0,REL 7,10/1/2026,10/1/2026,8:18:47 am,Waste Collection,CIT Waste Collection,Done,Planned,Albada  Zone-2,Z2-BDB-5813,"1100L, 240L",1100L,1
360-24141837,Zone 2 B (Day) - V 2.0,REL 7,10/1/2026,10/1/2026,8:18:15 am,Waste Collection,CIT Waste Collection,Done,Planned,Albada  Zone-2,Z2-BDB-1169,"1100L, 240L",240L,1
360-24141115,Zone 2 B (Day) - V 2.0,REL 7,10/1/2026,10/1/2026,8:11:02 am,Waste Collection,CIT Waste Collection,Done,Planned,Albada  Zone-2,Z2-BDB-1185,"1100L, 240L",1100L,1
360-24141834,Zone 2 B (Day) - V 2.0,REL 7,10/1/2026,10/1/2026,8:10:09 am,Waste Collection,CIT Waste Collection,Done,Planned,Albada  Zone-2,Z2-BDB-1099,"1100L, 240L",1100L,1
360-24140812,Zone 2 B (Day) - V 2.0,REL 7,10/1/2026,10/1/2026,8:07:10 am,Waste Collection,CIT Waste Collection,Done,Planned,Albada  Zone-2,Z2-BDB-1010,"1100L, 240L",1100L,1
360-24141822,Zone 2 B (Day) - V 2.0,REL 7,10/1/2026,10/1/2026,8:05:52 am,Waste Collection,CIT Waste Collection,Done,Planned,Albada  Zone-2,Z2-BDB-1096,"1100L, 240L",1100L,1
360-24141825,Zone 2 B (Day) - V 2.0,REL 7,10/1/2026,10/1/2026,8:03:54 am,Waste Collection,CIT Waste Collection,Done,Planned,Albada  Zone-2,Z2-BDB-1165,"1100L, 240L",240L,1
360-24140792,Zone 2 B (Day) - V 2.0,REL 7,10/1/2026,10/1/2026,8:01:37 am,Waste Collection,CIT Waste Collection,Done,Planned,Albada  Zone-2,Z2-BDB-3934,"1100L, 240L",1100L,1
360-24141831,Zone 2 B (Day) - V 2.0,REL 7,10/1/2026,10/1/2026,8:01:14 am,Waste Collection,CIT Waste Collection,Done,Planned,Albada  Zone-2,Z2-BDB-1098,"1100L, 240L",1100L,1
360-24140754,Zone 2 B (Day) - V 2.0,REL 7,10/1/2026,10/1/2026,8:00:50 am,Waste Collection,CIT Waste Collection,Done,Planned,Albada  Zone-2,Z2-BDB-0182,"1100L, 240L",1100L,1
360-24141819,Zone 2 B (Day) - V 2.0,REL 7,10/1/2026,10/1/2026,7:58:38 am,Waste Collection,CIT Waste Collection,Done,Planned,Albada  Zone-2,Z2-BDB-1095,"1100L, 240L",1100L,1
360-24141813,Zone 2 B (Day) - V 2.0,REL 7,10/1/2026,10/1/2026,7:56:33 am,Waste Collection,CIT Waste Collection,Done,Planned,Albada  Zone-2,Z2-BDB-1164,"1100L, 240L",240L,1
360-24141127,Zone 2 B (Day) - V 2.0,REL 7,10/1/2026,10/1/2026,7:55:51 am,Waste Collection,CIT Waste Collection,Done,Planned,Albada  Zone-2,Z2-BDB-5811,"1100L, 240L",1100L,1
360-24141804,Zone 2 B (Day) - V 2.0,REL 7,10/1/2026,10/1/2026,7:47:56 am,Waste Collection,CIT Waste Collection,Done,Planned,Albada  Zone-2,Z2-BDB-1093,"1100L, 240L",1100L,1
360-24141807,Zone 2 B (Day) - V 2.0,REL 7,10/1/2026,10/1/2026,7:46:27 am,Waste Collection,CIT Waste Collection,Done,Planned,Albada  Zone-2,Z2-BDB-1094,"1100L, 240L",1100L,1
360-24141801,Zone 2 B (Day) - V 2.0,REL 7,10/1/2026,10/1/2026,7:45:14 am,Waste Collection,CIT Waste Collection,Done,Planned,Albada  Zone-2,Z2-BDB-1092,"1100L, 240L",1100L,1
360-24141876,Zone 2 B (Day) - V 2.0,REL 7,10/1/2026,10/1/2026,7:43:47 am,Waste Collection,CIT Waste Collection,Done,Planned,Albada  Zone-2,Z2-BDB-1016,"1100L, 240L",1100L,1
360-24141799,Zone 2 B (Day) - V 2.0,REL 7,10/1/2026,10/1/2026,7:42:27 am,Waste Collection,CIT Waste Collection,Done,Planned,Albada  Zone-2,Z2-BDB-1090,"1100L, 240L",1100L,1
360-24141795,Zone 2 B (Day) - V 2.0,REL 7,10/1/2026,10/1/2026,7:41:51 am,Waste Collection,CIT Waste Collection,Done,Planned,Albada  Zone-2,Z2-BDB-1089,"1100L, 240L",1100L,1
360-24141793,Zone 2 B (Day) - V 2.0,REL 7,10/1/2026,10/1/2026,7:40:33 am,Waste Collection,CIT Waste Collection,Done,Planned,Albada  Zone-2,Z2-BDB-1088,"1100L, 240L",1100L,1
360-24141790,Zone 2 B (Day) - V 2.0,REL 7,10/1/2026,10/1/2026,7:38:37 am,Waste Collection,CIT Waste Collection,Done,Planned,Albada  Zone-2,Z2-BDB-1087,"1100L, 240L",1100L,1
360-24141890,Zone 2 B (Day) - V 2.0,REL 7,10/1/2026,10/1/2026,7:34:14 am,Waste Collection,CIT Waste Collection,Done,Planned,Albada  Zone-2,Z2-BDB-1020,"1100L, 240L",1100L,1
360-24141910,Zone 2 B (Day) - V 2.0,REL 7,10/1/2026,10/1/2026,7:32:51 am,Waste Collection,CIT Waste Collection,Done,Planned,Albada  Zone-2,Z2-BDB-1021,"1100L, 240L",1100L,1
360-24141887,Zone 2 B (Day) - V 2.0,REL 7,10/1/2026,10/1/2026,7:31:01 am,Waste Collection,CIT Waste Collection,Done,Planned,Albada  Zone-2,Z2-BDB-1019,"1100L, 240L",1100L,1
360-24141884,Zone 2 B (Day) - V 2.0,REL 7,10/1/2026,10/1/2026,7:30:03 am,Waste Collection,CIT Waste Collection,Done,Planned,Albada  Zone-2,Z2-BDB-1018,"1100L, 240L",1100L,1
360-24141315,Zone 2 B (Day) - V 2.0,REL 7,10/1/2026,10/1/2026,7:27:55 am,Waste Collection,CIT Waste Collection,Done,Planned,Albada  Zone-2,Z2-BDB-0968,"1100L, 240L",1100L,1
360-24141873,Zone 2 B (Day) - V 2.0,REL 7,10/1/2026,10/1/2026,7:26:30 am,Waste Collection,CIT Waste Collection,Done,Planned,Albada  Zone-2,Z2-BDB-1015,"1100L, 240L",1100L,1
360-24141864,Zone 2 B (Day) - V 2.0,REL 7,10/1/2026,10/1/2026,7:25:20 am,Waste Collection,CIT Waste Collection,Done,Planned,Albada  Zone-2,Z2-BDB-1012,"1100L, 240L",1100L,1
360-24141855,Zone 2 B (Day) - V 2.0,REL 7,10/1/2026,10/1/2026,7:24:58 am,Waste Collection,CIT Waste Collection,Done,Planned,Albada  Zone-2,Z2-BDB-1006,"1100L, 240L",1100L,1
360-24141828,Zone 2 B (Day) - V 2.0,REL 7,10/1/2026,10/1/2026,7:23:48 am,Waste Collection,CIT Waste Collection,Done,Planned,Albada  Zone-2,Z2-BDB-1097,"1100L, 240L",1100L,1
360-24141901,Zone 2 B (Day) - V 2.0,REL 7,10/1/2026,10/1/2026,7:19:53 am,Waste Collection,CIT Waste Collection,Done,Planned,Albada  Zone-2,Z2-BDB-1025,"1100L, 240L",1100L,1
360-24141410,Zone 2 B (Day) - V 2.0,REL 7,10/1/2026,10/1/2026,7:18:36 am,Waste Collection,CIT Waste Collection,Done,Planned,Albada  Zone-2,Z2-BDB-5846,"1100L, 240L",1100L,1
360-24141907,Zone 2 B (Day) - V 2.0,REL 7,10/1/2026,10/1/2026,7:17:21 am,Waste Collection,CIT Waste Collection,Done,Planned,Albada  Zone-2,Z2-BDB-1028,"1100L, 240L",1100L,1
360-24141904,Zone 2 B (Day) - V 2.0,REL 7,10/1/2026,10/1/2026,7:08:52 am,Waste Collection,CIT Waste Collection,Done,Planned,Albada  Zone-2,Z2-BDB-1026,"1100L, 240L",1100L,1
360-24140735,Zone 2 B (Day) - V 2.0,REL 7,10/1/2026,10/1/2026,6:58:36 am,Waste Collection,CIT Waste Collection,Done,Planned,Albada  Zone-2,Z2-BDB-0370,"1100L, 240L",240L,1
360-24141893,Zone 2 B (Day) - V 2.0,REL 7,10/1/2026,10/1/2026,6:56:21 am,Waste Collection,CIT Waste Collection,Done,Planned,Albada  Zone-2,Z2-BDB-1023,"1100L, 240L",1100L,1
360-24141895,Zone 2 B (Day) - V 2.0,REL 7,10/1/2026,10/1/2026,6:55:13 am,Waste Collection,CIT Waste Collection,Done,Planned,Albada  Zone-2,Z2-BDB-1024,"1100L, 240L",1100L,1
360-24141898,Zone 2 B (Day) - V 2.0,REL 7,10/1/2026,10/1/2026,6:53:09 am,Waste Collection,CIT Waste Collection,Done,Planned,Albada  Zone-2,Z2-BDB-1173,"1100L, 240L",240L,1
360-24141861,Zone 2 B (Day) - V 2.0,REL 7,10/1/2026,10/1/2026,6:49:36 am,Waste Collection,CIT Waste Collection,Done,Planned,Albada  Zone-2,Z2-BDB-1011,"1100L, 240L",1100L,1
360-24141867,Zone 2 B (Day) - V 2.0,REL 7,10/1/2026,10/1/2026,6:47:56 am,Waste Collection,CIT Waste Collection,Done,Planned,Albada  Zone-2,Z2-BDB-1013,"1100L, 240L",1100L,1
360-24140819,Zone 2 B (Day) - V 2.0,REL 7,10/1/2026,10/1/2026,6:46:58 am,Waste Collection,CIT Waste Collection,Done,Planned,Albada  Zone-2,Z2-BDB-1123,"1100L, 240L",1100L,1
360-24141881,Zone 2 B (Day) - V 2.0,REL 7,10/1/2026,10/1/2026,6:45:43 am,Waste Collection,CIT Waste Collection,Done,Planned,Albada  Zone-2,Z2-BDB-1009,"1100L, 240L",1100L,1
360-24141870,Zone 2 B (Day) - V 2.0,REL 7,10/1/2026,10/1/2026,6:44:39 am,Waste Collection,CIT Waste Collection,Done,Planned,Albada  Zone-2,Z2-BDB-1008,"1100L, 240L",1100L,1
360-24141758,Zone 2 B (Day) - V 2.0,REL 7,10/1/2026,10/1/2026,6:42:27 am,Waste Collection,CIT Waste Collection,Done,Planned,Albada  Zone-2,Z2-BDB-0069,"1100L, 240L",1100L,1
360-24140994,Zone 2 B (Day) - V 2.0,REL 7,10/1/2026,10/1/2026,6:41:04 am,Waste Collection,CIT Waste Collection,Done,Planned,Albada  Zone-2,Z2-BDB-1468,"1100L, 240L",240L,1
360-24141858,Zone 2 B (Day) - V 2.0,REL 7,10/1/2026,10/1/2026,6:39:16 am,Waste Collection,CIT Waste Collection,Done,Planned,Albada  Zone-2,Z2-BDB-1007,"1100L, 240L",1100L,1
360-24141852,Zone 2 B (Day) - V 2.0,REL 7,10/1/2026,10/1/2026,6:38:03 am,Waste Collection,CIT Waste Collection,Done,Planned,Albada  Zone-2,Z2-BDB-1005,"1100L, 240L",1100L,1
360-24141840,Zone 2 B (Day) - V 2.0,REL 7,10/1/2026,10/1/2026,6:37:28 am,Waste Collection,CIT Waste Collection,Done,Planned,Albada  Zone-2,Z2-BDB-1004,"1100L, 240L",1100L,1
360-24141965,Zone 2 B (Day) - V 2.0,REL 7,10/1/2026,10/1/2026,6:36:23 am,Waste Collection,CIT Waste Collection,Done,Planned,Albada  Zone-2,Z2-BDB-0574,"1100L, 240L",1100L,1
360-24141746,Zone 2 B (Day) - V 2.0,REL 7,10/1/2026,10/1/2026,6:34:50 am,Waste Collection,CIT Waste Collection,Done,Planned,Albada  Zone-2,Z2-BDB-1716,"1100L, 240L",1100L,1
360-24141652,Zone 2 B (Day) - V 2.0,REL 7,10/1/2026,10/1/2026,6:32:45 am,Waste Collection,CIT Waste Collection,Done,Planned,Albada  Zone-2,Z2-BDB-0979,"1100L, 240L",1100L,1
360-24140645,Zone 2 B (Day) - V 2.0,REL 7,10/1/2026,10/1/2026,6:30:15 am,Waste Collection,CIT Waste Collection,Done,Planned,Albada  Zone-2,Z2-BDB-1146,"1100L, 240L",240L,1
360-24141761,Zone 2 B (Day) - V 2.0,REL 7,10/1/2026,10/1/2026,6:26:39 am,Waste Collection,CIT Waste Collection,Done,Planned,Albada  Zone-2,Z2-BDB-2302,"1100L, 240L",1100L,1
360-24140679,Zone 2 B (Day) - V 2.0,REL 7,10/1/2026,10/1/2026,6:24:02 am,Waste Collection,CIT Waste Collection,Done,Planned,Albada  Zone-2,Z2-BDB-1211,"1100L, 240L",1100L,1
360-24140673,Zone 2 B (Day) - V 2.0,REL 7,10/1/2026,10/1/2026,6:22:40 am,Waste Collection,CIT Waste Collection,Done,Planned,Albada  Zone-2,Z2-BDB-1210,"1100L, 240L",1100L,1
360-24141359,Zone 2 B (Day) - V 2.0,REL 7,10/1/2026,10/1/2026,6:14:50 am,Waste Collection,CIT Waste Collection,Done,Planned,Albada  Zone-2,Z2-BDB-0743,"1100L, 240L",1100L,1
360-24140659,Zone 2 B (Day) - V 2.0,REL 7,10/1/2026,10/1/2026,6:12:57 am,Waste Collection,CIT Waste Collection,Done,Planned,Albada  Zone-2,Z2-BDB-1205,"1100L, 240L",1100L,1
360-24140666,Zone 2 B (Day) - V 2.0,REL 7,10/1/2026,10/1/2026,6:12:20 am,Waste Collection,CIT Waste Collection,Done,Planned,Albada  Zone-2,Z2-BDB-1206,"1100L, 240L",1100L,1
360-24140706,Zone 2 B (Day) - V 2.0,REL 7,10/1/2026,10/1/2026,,Waste Collection,CIT Waste Collection,To Do,Planned,Albada  Zone-2,Z2-BDB-2739,"1100L, 240L",,
360-24140713,Zone 2 B (Day) - V 2.0,REL 7,10/1/2026,10/1/2026,,Waste Collection,CIT Waste Collection,To Do,Planned,Albada  Zone-2,Z2-BDB-2612,"1100L, 240L",,
360-24140721,Zone 2 B (Day) - V 2.0,REL 7,10/1/2026,10/1/2026,,Waste Collection,CIT Waste Collection,To Do,Planned,Albada  Zone-2,Z2-BDB-0454,"1100L, 240L",,
360-24140742,Zone 2 B (Day) - V 2.0,REL 7,10/1/2026,10/1/2026,,Waste Collection,CIT Waste Collection,To Do,Planned,Albada  Zone-2,Z2-BDB-5970,"1100L, 240L",,
360-24140785,Zone 2 B (Day) - V 2.0,REL 7,10/1/2026,10/1/2026,,Waste Collection,CIT Waste Collection,To Do,Planned,Albada  Zone-2,Z2-BDB-1873,"1100L, 240L",,
360-24140799,Zone 2 B (Day) - V 2.0,REL 7,10/1/2026,10/1/2026,,Waste Collection,CIT Waste Collection,To Do,Planned,Albada  Zone-2,Z2-BDB-1241,"1100L, 240L",,
360-24140849,Zone 2 B (Day) - V 2.0,REL 7,10/1/2026,10/1/2026,,Waste Collection,CIT Waste Collection,To Do,Planned,Albada  Zone-2,Z2-BDB-0515,"1100L, 240L",,
360-24140865,Zone 2 B (Day) - V 2.0,REL 7,10/1/2026,10/1/2026,,Waste Collection,CIT Waste Collection,To Do,Planned,Albada  Zone-2,Z2-BDB-2191,"1100L, 240L",,
360-24140899,Zone 2 B (Day) - V 2.0,REL 7,10/1/2026,10/1/2026,,Waste Collection,CIT Waste Collection,To Do,Planned,Albada  Zone-2,Z2-BDB-0754,"1100L, 240L",,
360-24140906,Zone 2 B (Day) - V 2.0,REL 7,10/1/2026,10/1/2026,,Waste Collection,CIT Waste Collection,To Do,Planned,Albada  Zone-2,Z2-BDB-0755,"1100L, 240L",,
360-24140913,Zone 2 B (Day) - V 2.0,REL 7,10/1/2026,10/1/2026,,Waste Collection,CIT Waste Collection,To Do,Planned,Albada  Zone-2,Z2-BDB-0756,"1100L, 240L",,
360-24140920,Zone 2 B (Day) - V 2.0,REL 7,10/1/2026,10/1/2026,,Waste Collection,CIT Waste Collection,To Do,Planned,Albada  Zone-2,Z2-BDB-0758,"1100L, 240L",,
360-24140924,Zone 2 B (Day) - V 2.0,REL 7,10/1/2026,10/1/2026,,Waste Collection,CIT Waste Collection,To Do,Planned,Albada  Zone-2,Z2-BDB-0953,"1100L, 240L",,
360-24140931,Zone 2 B (Day) - V 2.0,REL 7,10/1/2026,10/1/2026,,Waste Collection,CIT Waste Collection,To Do,Planned,Albada  Zone-2,Z2-BDB-0759,"1100L, 240L",,
360-24140938,Zone 2 B (Day) - V 2.0,REL 7,10/1/2026,10/1/2026,,Waste Collection,CIT Waste Collection,To Do,Planned,Albada  Zone-2,Z2-BDB-0760,"1100L, 240L",,
360-24140945,Zone 2 B (Day) - V 2.0,REL 7,10/1/2026,10/1/2026,,Waste Collection,CIT Waste Collection,To Do,Planned,Albada  Zone-2,Z2-BDB-0761,"1100L, 240L",,
360-24140959,Zone 2 B (Day) - V 2.0,REL 7,10/1/2026,10/1/2026,,Waste Collection,CIT Waste Collection,To Do,Planned,Albada  Zone-2,Z2-BDB-0762,"1100L, 240L",,
360-24140966,Zone 2 B (Day) - V 2.0,REL 7,10/1/2026,10/1/2026,,Waste Collection,CIT Waste Collection,To Do,Planned,Albada  Zone-2,Z2-BDB-0954,"1100L, 240L",,
360-24140973,Zone 2 B (Day) - V 2.0,REL 7,10/1/2026,10/1/2026,,Waste Collection,CIT Waste Collection,To Do,Planned,Albada  Zone-2,Z2-BDB-0849,"1100L, 240L",,
360-24140980,Zone 2 B (Day) - V 2.0,REL 7,10/1/2026,10/1/2026,,Waste Collection,CIT Waste Collection,To Do,Planned,Albada  Zone-2,Z2-BDB-0764,"1100L, 240L",,
360-24140987,Zone 2 B (Day) - V 2.0,REL 7,10/1/2026,10/1/2026,,Waste Collection,CIT Waste Collection,To Do,Planned,Albada  Zone-2,Z2-BDB-0765,"1100L, 240L",,
360-24141028,Zone 2 B (Day) - V 2.0,REL 7,10/1/2026,10/1/2026,,Waste Collection,CIT Waste Collection,To Do,Planned,Albada  Zone-2,Z2-BDB-1803,"1100L, 240L",,
360-24141040,Zone 2 B (Day) - V 2.0,REL 7,10/1/2026,10/1/2026,,Waste Collection,CIT Waste Collection,To Do,Planned,Albada  Zone-2,Z2-BDB-0955,"1100L, 240L",,
360-24141048,Zone 2 B (Day) - V 2.0,REL 7,10/1/2026,10/1/2026,,Waste Collection,CIT Waste Collection,To Do,Planned,Albada  Zone-2,Z2-BDB-0766,"1100L, 240L",,
360-24141054,Zone 2 B (Day) - V 2.0,REL 7,10/1/2026,10/1/2026,,Waste Collection,CIT Waste Collection,To Do,Planned,Albada  Zone-2,Z2-BDB-0770,"1100L, 240L",,
360-24141061,Zone 2 B (Day) - V 2.0,REL 7,10/1/2026,10/1/2026,,Waste Collection,CIT Waste Collection,To Do,Planned,Albada  Zone-2,Z2-BDB-5959,"1100L, 240L",,
360-24141068,Zone 2 B (Day) - V 2.0,REL 7,10/1/2026,10/1/2026,,Waste Collection,CIT Waste Collection,To Do,Planned,Albada  Zone-2,Z2-BDB-0957,"1100L, 240L",,
360-24141074,Zone 2 B (Day) - V 2.0,REL 7,10/1/2026,10/1/2026,,Waste Collection,CIT Waste Collection,To Do,Planned,Albada  Zone-2,Z2-BDB-0771,"1100L, 240L",,
360-24141080,Zone 2 B (Day) - V 2.0,REL 7,10/1/2026,10/1/2026,,Waste Collection,CIT Waste Collection,To Do,Planned,Albada  Zone-2,Z2-BDB-0772,"1100L, 240L",,
360-24141087,Zone 2 B (Day) - V 2.0,REL 7,10/1/2026,10/1/2026,,Waste Collection,CIT Waste Collection,To Do,Planned,Albada  Zone-2,Z2-BDB-0773,"1100L, 240L",,
360-24141094,Zone 2 B (Day) - V 2.0,REL 7,10/1/2026,10/1/2026,,Waste Collection,CIT Waste Collection,To Do,Planned,Albada  Zone-2,Z2-BDB-0774,"1100L, 240L",,
360-24141101,Zone 2 B (Day) - V 2.0,REL 7,10/1/2026,10/1/2026,,Waste Collection,CIT Waste Collection,To Do,Planned,Albada  Zone-2,Z2-BDB-0775,"1100L, 240L",,
360-24141108,Zone 2 B (Day) - V 2.0,REL 7,10/1/2026,10/1/2026,,Waste Collection,CIT Waste Collection,To Do,Planned,Albada  Zone-2,Z2-BDB-0777,"1100L, 240L",,
360-24141122,Zone 2 B (Day) - V 2.0,REL 7,10/1/2026,10/1/2026,,Waste Collection,CIT Waste Collection,To Do,Planned,Albada  Zone-2,Z2-BDB-0778,"1100L, 240L",,
360-24141135,Zone 2 B (Day) - V 2.0,REL 7,10/1/2026,10/1/2026,,Waste Collection,CIT Waste Collection,To Do,Planned,Albada  Zone-2,Z2-BDB-0779,"1100L, 240L",,
360-24141142,Zone 2 B (Day) - V 2.0,REL 7,10/1/2026,10/1/2026,,Waste Collection,CIT Waste Collection,To Do,Planned,Albada  Zone-2,Z2-BDB-0780,"1100L, 240L",,
360-24141150,Zone 2 B (Day) - V 2.0,REL 7,10/1/2026,10/1/2026,,Waste Collection,CIT Waste Collection,To Do,Planned,Albada  Zone-2,Z2-BDB-0781,"1100L, 240L",,
360-24141157,Zone 2 B (Day) - V 2.0,REL 7,10/1/2026,10/1/2026,,Waste Collection,CIT Waste Collection,To Do,Planned,Albada  Zone-2,Z2-BDB-0782,"1100L, 240L",,
360-24141163,Zone 2 B (Day) - V 2.0,REL 7,10/1/2026,10/1/2026,,Waste Collection,CIT Waste Collection,To Do,Planned,Albada  Zone-2,Z2-BDB-0783,"1100L, 240L",,
360-24141169,Zone 2 B (Day) - V 2.0,REL 7,10/1/2026,10/1/2026,,Waste Collection,CIT Waste Collection,To Do,Planned,Albada  Zone-2,Z2-BDB-0959,"1100L, 240L",,
360-24141176,Zone 2 B (Day) - V 2.0,REL 7,10/1/2026,10/1/2026,,Waste Collection,CIT Waste Collection,To Do,Planned,Albada  Zone-2,Z2-BDB-0960,"1100L, 240L",,
360-24141189,Zone 2 B (Day) - V 2.0,REL 7,10/1/2026,10/1/2026,,Waste Collection,CIT Waste Collection,To Do,Planned,Albada  Zone-2,Z2-BDB-1869,"1100L, 240L",,
360-24141225,Zone 2 B (Day) - V 2.0,REL 7,10/1/2026,10/1/2026,,Waste Collection,CIT Waste Collection,Visited,Planned,Albada  Zone-2,Z2-BDB-0791,"1100L, 240L",,
360-24141231,Zone 2 B (Day) - V 2.0,REL 7,10/1/2026,10/1/2026,,Waste Collection,CIT Waste Collection,To Do,Planned,Albada  Zone-2,Z2-BDB-5996,"1100L, 240L",,
360-24141399,Zone 2 B (Day) - V 2.0,REL 7,10/1/2026,10/1/2026,,Waste Collection,CIT Waste Collection,To Do,Planned,Albada  Zone-2,Z2-BDB-4769,"1100L, 240L",,
360-24141403,Zone 2 B (Day) - V 2.0,REL 7,10/1/2026,10/1/2026,,Waste Collection,CIT Waste Collection,To Do,Planned,Albada  Zone-2,Z2-BDB-0801,"1100L, 240L",,
360-24141408,Zone 2 B (Day) - V 2.0,REL 7,10/1/2026,10/1/2026,,Waste Collection,CIT Waste Collection,To Do,Planned,Albada  Zone-2,Z2-BDB-0853,"1100L, 240L",,
360-24141414,Zone 2 B (Day) - V 2.0,REL 7,10/1/2026,10/1/2026,,Waste Collection,CIT Waste Collection,To Do,Planned,Albada  Zone-2,Z2-BDB-0854,"1100L, 240L",,
360-24141416,Zone 2 B (Day) - V 2.0,REL 7,10/1/2026,10/1/2026,,Waste Collection,CIT Waste Collection,To Do,Planned,Albada  Zone-2,Z2-BDB-0855,"1100L, 240L",,
360-24141419,Zone 2 B (Day) - V 2.0,REL 7,10/1/2026,10/1/2026,,Waste Collection,CIT Waste Collection,To Do,Planned,Albada  Zone-2,Z2-BDB-0856,"1100L, 240L",,
360-24141422,Zone 2 B (Day) - V 2.0,REL 7,10/1/2026,10/1/2026,,Waste Collection,CIT Waste Collection,To Do,Planned,Albada  Zone-2,Z2-BDB-0857,"1100L, 240L",,
360-24141425,Zone 2 B (Day) - V 2.0,REL 7,10/1/2026,10/1/2026,,Waste Collection,CIT Waste Collection,To Do,Planned,Albada  Zone-2,Z2-BDB-0985,"1100L, 240L",,
360-24141428,Zone 2 B (Day) - V 2.0,REL 7,10/1/2026,10/1/2026,,Waste Collection,CIT Waste Collection,To Do,Planned,Albada  Zone-2,Z2-BDB-0858,"1100L, 240L",,
360-24141431,Zone 2 B (Day) - V 2.0,REL 7,10/1/2026,10/1/2026,,Waste Collection,CIT Waste Collection,To Do,Planned,Albada  Zone-2,Z2-BDB-0859,"1100L, 240L",,
360-24141434,Zone 2 B (Day) - V 2.0,REL 7,10/1/2026,10/1/2026,,Waste Collection,CIT Waste Collection,To Do,Planned,Albada  Zone-2,Z2-BDB-0986,"1100L, 240L",,
360-24141437,Zone 2 B (Day) - V 2.0,REL 7,10/1/2026,10/1/2026,,Waste Collection,CIT Waste Collection,To Do,Planned,Albada  Zone-2,Z2-BDB-0860,"1100L, 240L",,
360-24141440,Zone 2 B (Day) - V 2.0,REL 7,10/1/2026,10/1/2026,,Waste Collection,CIT Waste Collection,To Do,Planned,Albada  Zone-2,Z2-BDB-0861,"1100L, 240L",,
360-24141443,Zone 2 B (Day) - V 2.0,REL 7,10/1/2026,10/1/2026,,Waste Collection,CIT Waste Collection,To Do,Planned,Albada  Zone-2,Z2-BDB-0862,"1100L, 240L",,
360-24141446,Zone 2 B (Day) - V 2.0,REL 7,10/1/2026,10/1/2026,,Waste Collection,CIT Waste Collection,To Do,Planned,Albada  Zone-2,Z2-BDB-0863,"1100L, 240L",,
360-24141449,Zone 2 B (Day) - V 2.0,REL 7,10/1/2026,10/1/2026,,Waste Collection,CIT Waste Collection,To Do,Planned,Albada  Zone-2,Z2-BDB-0864,"1100L, 240L",,
360-24141452,Zone 2 B (Day) - V 2.0,REL 7,10/1/2026,10/1/2026,,Waste Collection,CIT Waste Collection,To Do,Planned,Albada  Zone-2,Z2-BDB-0865,"1100L, 240L",,
360-24141455,Zone 2 B (Day) - V 2.0,REL 7,10/1/2026,10/1/2026,,Waste Collection,CIT Waste Collection,To Do,Planned,Albada  Zone-2,Z2-BDB-0866,"1100L, 240L",,
360-24141458,Zone 2 B (Day) - V 2.0,REL 7,10/1/2026,10/1/2026,,Waste Collection,CIT Waste Collection,To Do,Planned,Albada  Zone-2,Z2-BDB-0867,"1100L, 240L",,
360-24141461,Zone 2 B (Day) - V 2.0,REL 7,10/1/2026,10/1/2026,,Waste Collection,CIT Waste Collection,To Do,Planned,Albada  Zone-2,Z2-BDB-0868,"1100L, 240L",,
360-24141464,Zone 2 B (Day) - V 2.0,REL 7,10/1/2026,10/1/2026,,Waste Collection,CIT Waste Collection,To Do,Planned,Albada  Zone-2,Z2-BDB-0869,"1100L, 240L",,
360-24141467,Zone 2 B (Day) - V 2.0,REL 7,10/1/2026,10/1/2026,,Waste Collection,CIT Waste Collection,To Do,Planned,Albada  Zone-2,Z2-BDB-0871,"1100L, 240L",,
360-24141470,Zone 2 B (Day) - V 2.0,REL 7,10/1/2026,10/1/2026,,Waste Collection,CIT Waste Collection,To Do,Planned,Albada  Zone-2,Z2-BDB-0872,"1100L, 240L",,
360-24141473,Zone 2 B (Day) - V 2.0,REL 7,10/1/2026,10/1/2026,,Waste Collection,CIT Waste Collection,To Do,Planned,Albada  Zone-2,Z2-BDB-0873,"1100L, 240L",,
360-24141476,Zone 2 B (Day) - V 2.0,REL 7,10/1/2026,10/1/2026,,Waste Collection,CIT Waste Collection,To Do,Planned,Albada  Zone-2,Z2-BDB-0874,"1100L, 240L",,
360-24141479,Zone 2 B (Day) - V 2.0,REL 7,10/1/2026,10/1/2026,,Waste Collection,CIT Waste Collection,To Do,Planned,Albada  Zone-2,Z2-BDB-0876,"1100L, 240L",,
360-24141482,Zone 2 B (Day) - V 2.0,REL 7,10/1/2026,10/1/2026,,Waste Collection,CIT Waste Collection,To Do,Planned,Albada  Zone-2,Z2-BDB-0987,"1100L, 240L",,
360-24141488,Zone 2 B (Day) - V 2.0,REL 7,10/1/2026,10/1/2026,,Waste Collection,CIT Waste Collection,To Do,Planned,Albada  Zone-2,Z2-BDB-0880,"1100L, 240L",,
360-24141491,Zone 2 B (Day) - V 2.0,REL 7,10/1/2026,10/1/2026,,Waste Collection,CIT Waste Collection,To Do,Planned,Albada  Zone-2,Z2-BDB-0882,"1100L, 240L",,
360-24141494,Zone 2 B (Day) - V 2.0,REL 7,10/1/2026,10/1/2026,,Waste Collection,CIT Waste Collection,To Do,Planned,Albada  Zone-2,Z2-BDB-0884,"1100L, 240L",,
360-24141497,Zone 2 B (Day) - V 2.0,REL 7,10/1/2026,10/1/2026,,Waste Collection,CIT Waste Collection,To Do,Planned,Albada  Zone-2,Z2-BDB-0886,"1100L, 240L",,
360-24141500,Zone 2 B (Day) - V 2.0,REL 7,10/1/2026,10/1/2026,,Waste Collection,CIT Waste Collection,To Do,Planned,Albada  Zone-2,Z2-BDB-0887,"1100L, 240L",,
360-24141503,Zone 2 B (Day) - V 2.0,REL 7,10/1/2026,10/1/2026,,Waste Collection,CIT Waste Collection,To Do,Planned,Albada  Zone-2,Z2-BDB-0988,"1100L, 240L",,
360-24141509,Zone 2 B (Day) - V 2.0,REL 7,10/1/2026,10/1/2026,,Waste Collection,CIT Waste Collection,To Do,Planned,Albada  Zone-2,Z2-BDB-0989,"1100L, 240L",,
360-24141511,Zone 2 B (Day) - V 2.0,REL 7,10/1/2026,10/1/2026,,Waste Collection,CIT Waste Collection,To Do,Planned,Albada  Zone-2,Z2-BDB-0889,"1100L, 240L",,
360-24141514,Zone 2 B (Day) - V 2.0,REL 7,10/1/2026,10/1/2026,,Waste Collection,CIT Waste Collection,To Do,Planned,Albada  Zone-2,Z2-BDB-0890,"1100L, 240L",,
360-24141516,Zone 2 B (Day) - V 2.0,REL 7,10/1/2026,10/1/2026,,Waste Collection,CIT Waste Collection,To Do,Planned,Albada  Zone-2,Z2-BDB-0891,"1100L, 240L",,
360-24141525,Zone 2 B (Day) - V 2.0,REL 7,10/1/2026,10/1/2026,,Waste Collection,CIT Waste Collection,To Do,Planned,Albada  Zone-2,Z2-BDB-0896,"1100L, 240L",,
360-24141528,Zone 2 B (Day) - V 2.0,REL 7,10/1/2026,10/1/2026,,Waste Collection,CIT Waste Collection,To Do,Planned,Albada  Zone-2,Z2-BDB-0897,"1100L, 240L",,
360-24141531,Zone 2 B (Day) - V 2.0,REL 7,10/1/2026,10/1/2026,,Waste Collection,CIT Waste Collection,To Do,Planned,Albada  Zone-2,Z2-BDB-0991,"1100L, 240L",,
360-24141534,Zone 2 B (Day) - V 2.0,REL 7,10/1/2026,10/1/2026,,Waste Collection,CIT Waste Collection,To Do,Planned,Albada  Zone-2,Z2-BDB-0898,"1100L, 240L",,
360-24141537,Zone 2 B (Day) - V 2.0,REL 7,10/1/2026,10/1/2026,,Waste Collection,CIT Waste Collection,To Do,Planned,Albada  Zone-2,Z2-BDB-0992,"1100L, 240L",,
360-24141540,Zone 2 B (Day) - V 2.0,REL 7,10/1/2026,10/1/2026,,Waste Collection,CIT Waste Collection,To Do,Planned,Albada  Zone-2,Z2-BDB-0899,"1100L, 240L",,
360-24141543,Zone 2 B (Day) - V 2.0,REL 7,10/1/2026,10/1/2026,,Waste Collection,CIT Waste Collection,To Do,Planned,Albada  Zone-2,Z2-BDB-0993,"1100L, 240L",,
360-24141546,Zone 2 B (Day) - V 2.0,REL 7,10/1/2026,10/1/2026,,Waste Collection,CIT Waste Collection,To Do,Planned,Albada  Zone-2,Z2-BDB-0994,"1100L, 240L",,
360-24141549,Zone 2 B (Day) - V 2.0,REL 7,10/1/2026,10/1/2026,,Waste Collection,CIT Waste Collection,To Do,Planned,Albada  Zone-2,Z2-BDB-0803,"1100L, 240L",,
360-24141552,Zone 2 B (Day) - V 2.0,REL 7,10/1/2026,10/1/2026,,Waste Collection,CIT Waste Collection,To Do,Planned,Albada  Zone-2,Z2-BDB-0808,"1100L, 240L",,
360-24141555,Zone 2 B (Day) - V 2.0,REL 7,10/1/2026,10/1/2026,,Waste Collection,CIT Waste Collection,To Do,Planned,Albada  Zone-2,Z2-BDB-0813,"1100L, 240L",,
360-24141558,Zone 2 B (Day) - V 2.0,REL 7,10/1/2026,10/1/2026,,Waste Collection,CIT Waste Collection,To Do,Planned,Albada  Zone-2,Z2-BDB-5527,"1100L, 240L",,
360-24141561,Zone 2 B (Day) - V 2.0,REL 7,10/1/2026,10/1/2026,,Waste Collection,CIT Waste Collection,To Do,Planned,Albada  Zone-2,Z2-BDB-0809,"1100L, 240L",,
360-24141564,Zone 2 B (Day) - V 2.0,REL 7,10/1/2026,10/1/2026,,Waste Collection,CIT Waste Collection,To Do,Planned,Albada  Zone-2,Z2-BDB-0995,"1100L, 240L",,
360-24141567,Zone 2 B (Day) - V 2.0,REL 7,10/1/2026,10/1/2026,,Waste Collection,CIT Waste Collection,To Do,Planned,Albada  Zone-2,Z2-BDB-0996,"1100L, 240L",,
360-24141570,Zone 2 B (Day) - V 2.0,REL 7,10/1/2026,10/1/2026,,Waste Collection,CIT Waste Collection,To Do,Planned,Albada  Zone-2,Z2-BDB-0811,"1100L, 240L",,
360-24141573,Zone 2 B (Day) - V 2.0,REL 7,10/1/2026,10/1/2026,,Waste Collection,CIT Waste Collection,To Do,Planned,Albada  Zone-2,Z2-BDB-0812,"1100L, 240L",,
360-24141576,Zone 2 B (Day) - V 2.0,REL 7,10/1/2026,10/1/2026,,Waste Collection,CIT Waste Collection,To Do,Planned,Albada  Zone-2,Z2-BDB-0814,"1100L, 240L",,
360-24141579,Zone 2 B (Day) - V 2.0,REL 7,10/1/2026,10/1/2026,,Waste Collection,CIT Waste Collection,To Do,Planned,Albada  Zone-2,Z2-BDB-0815,"1100L, 240L",,
360-24141582,Zone 2 B (Day) - V 2.0,REL 7,10/1/2026,10/1/2026,,Waste Collection,CIT Waste Collection,To Do,Planned,Albada  Zone-2,Z2-BDB-0816,"1100L, 240L",,
360-24141585,Zone 2 B (Day) - V 2.0,REL 7,10/1/2026,10/1/2026,,Waste Collection,CIT Waste Collection,To Do,Planned,Albada  Zone-2,Z2-BDB-0818,"1100L, 240L",,
360-24141588,Zone 2 B (Day) - V 2.0,REL 7,10/1/2026,10/1/2026,,Waste Collection,CIT Waste Collection,To Do,Planned,Albada  Zone-2,Z2-BDB-0820,"1100L, 240L",,
360-24141591,Zone 2 B (Day) - V 2.0,REL 7,10/1/2026,10/1/2026,,Waste Collection,CIT Waste Collection,To Do,Planned,Albada  Zone-2,Z2-BDB-0881,"1100L, 240L",,
360-24141594,Zone 2 B (Day) - V 2.0,REL 7,10/1/2026,10/1/2026,,Waste Collection,CIT Waste Collection,To Do,Planned,Albada  Zone-2,Z2-BDB-0821,"1100L, 240L",,
360-24141597,Zone 2 B (Day) - V 2.0,REL 7,10/1/2026,10/1/2026,,Waste Collection,CIT Waste Collection,To Do,Planned,Albada  Zone-2,Z2-BDB-0822,"1100L, 240L",,
360-24141600,Zone 2 B (Day) - V 2.0,REL 7,10/1/2026,10/1/2026,,Waste Collection,CIT Waste Collection,To Do,Planned,Albada  Zone-2,Z2-BDB-0999,"1100L, 240L",,
360-24141603,Zone 2 B (Day) - V 2.0,REL 7,10/1/2026,10/1/2026,,Waste Collection,CIT Waste Collection,To Do,Planned,Albada  Zone-2,Z2-BDB-0823,"1100L, 240L",,
360-24141606,Zone 2 B (Day) - V 2.0,REL 7,10/1/2026,10/1/2026,,Waste Collection,CIT Waste Collection,To Do,Planned,Albada  Zone-2,Z2-BDB-0824,"1100L, 240L",,
360-24141608,Zone 2 B (Day) - V 2.0,REL 7,10/1/2026,10/1/2026,,Waste Collection,CIT Waste Collection,To Do,Planned,Albada  Zone-2,Z2-BDB-0825,"1100L, 240L",,
360-24141610,Zone 2 B (Day) - V 2.0,REL 7,10/1/2026,10/1/2026,,Waste Collection,CIT Waste Collection,To Do,Planned,Albada  Zone-2,Z2-BDB-0826,"1100L, 240L",,
360-24141613,Zone 2 B (Day) - V 2.0,REL 7,10/1/2026,10/1/2026,,Waste Collection,CIT Waste Collection,To Do,Planned,Albada  Zone-2,Z2-BDB-0827,"1100L, 240L",,
360-24141616,Zone 2 B (Day) - V 2.0,REL 7,10/1/2026,10/1/2026,,Waste Collection,CIT Waste Collection,To Do,Planned,Albada  Zone-2,Z2-BDB-0828,"1100L, 240L",,
360-24141619,Zone 2 B (Day) - V 2.0,REL 7,10/1/2026,10/1/2026,,Waste Collection,CIT Waste Collection,To Do,Planned,Albada  Zone-2,Z2-BDB-0829,"1100L, 240L",,
360-24141628,Zone 2 B (Day) - V 2.0,REL 7,10/1/2026,10/1/2026,,Waste Collection,CIT Waste Collection,To Do,Planned,Albada  Zone-2,Z2-BDB-0831,"1100L, 240L",,
360-24141631,Zone 2 B (Day) - V 2.0,REL 7,10/1/2026,10/1/2026,,Waste Collection,CIT Waste Collection,To Do,Planned,Albada  Zone-2,Z2-BDB-0832,"1100L, 240L",,
360-24141637,Zone 2 B (Day) - V 2.0,REL 7,10/1/2026,10/1/2026,,Waste Collection,CIT Waste Collection,To Do,Planned,Albada  Zone-2,Z2-BDB-1809,"1100L, 240L",,
360-24141655,Zone 2 B (Day) - V 2.0,REL 7,10/1/2026,10/1/2026,,Waste Collection,CIT Waste Collection,Visited,Planned,Albada  Zone-2,Z2-BDB-0723,"1100L, 240L",,
360-24141704,Zone 2 B (Day) - V 2.0,REL 7,10/1/2026,10/1/2026,,Waste Collection,CIT Waste Collection,To Do,Planned,Albada  Zone-2,Z2-BDB-0833,"1100L, 240L",,
360-24141707,Zone 2 B (Day) - V 2.0,REL 7,10/1/2026,10/1/2026,,Waste Collection,CIT Waste Collection,To Do,Planned,Albada  Zone-2,Z2-BDB-0834,"1100L, 240L",,
360-24141710,Zone 2 B (Day) - V 2.0,REL 7,10/1/2026,10/1/2026,,Waste Collection,CIT Waste Collection,To Do,Planned,Albada  Zone-2,Z2-BDB-0835,"1100L, 240L",,
360-24141713,Zone 2 B (Day) - V 2.0,REL 7,10/1/2026,10/1/2026,,Waste Collection,CIT Waste Collection,To Do,Planned,Albada  Zone-2,Z2-BDB-0836,"1100L, 240L",,
360-24141716,Zone 2 B (Day) - V 2.0,REL 7,10/1/2026,10/1/2026,,Waste Collection,CIT Waste Collection,To Do,Planned,Albada  Zone-2,Z2-BDB-5983,"1100L, 240L",,
360-24141722,Zone 2 B (Day) - V 2.0,REL 7,10/1/2026,10/1/2026,,Waste Collection,CIT Waste Collection,To Do,Planned,Albada  Zone-2,Z2-BDB-1214,"1100L, 240L",,
360-24141725,Zone 2 B (Day) - V 2.0,REL 7,10/1/2026,10/1/2026,,Waste Collection,CIT Waste Collection,To Do,Planned,Albada  Zone-2,Z2-BDB-1806,"1100L, 240L",,
360-24141728,Zone 2 B (Day) - V 2.0,REL 7,10/1/2026,10/1/2026,,Waste Collection,CIT Waste Collection,To Do,Planned,Albada  Zone-2,Z2-BDB-2146,"1100L, 240L",,
360-24141740,Zone 2 B (Day) - V 2.0,REL 7,10/1/2026,10/1/2026,,Waste Collection,CIT Waste Collection,To Do,Planned,Albada  Zone-2,Z2-BDB-5885,"1100L, 240L",,
360-24141743,Zone 2 B (Day) - V 2.0,REL 7,10/1/2026,10/1/2026,,Waste Collection,CIT Waste Collection,To Do,Planned,Albada  Zone-2,Z2-BDB-5886,"1100L, 240L",,
360-24141755,Zone 2 B (Day) - V 2.0,REL 7,10/1/2026,10/1/2026,,Waste Collection,CIT Waste Collection,To Do,Planned,Albada  Zone-2,Z2-BDB-0948,"1100L, 240L",,
360-24141784,Zone 2 B (Day) - V 2.0,REL 7,10/1/2026,10/1/2026,,Waste Collection,CIT Waste Collection,To Do,Planned,Albada  Zone-2,Z2-BDB-3504,"1100L, 240L",,
360-24141787,Zone 2 B (Day) - V 2.0,REL 7,10/1/2026,10/1/2026,,Waste Collection,CIT Waste Collection,To Do,Planned,Albada  Zone-2,Z2-BDB-3505,"1100L, 240L",,
360-24141810,Zone 2 B (Day) - V 2.0,REL 7,10/1/2026,10/1/2026,,Waste Collection,CIT Waste Collection,To Do,Planned,Albada  Zone-2,Z2-BDB-1163,"1100L, 240L",,
360-24141816,Zone 2 B (Day) - V 2.0,REL 7,10/1/2026,10/1/2026,,Waste Collection,CIT Waste Collection,To Do,Planned,Albada  Zone-2,Z2-BDB-2221,"1100L, 240L",,
360-24141879,Zone 2 B (Day) - V 2.0,REL 7,10/1/2026,10/1/2026,,Waste Collection,CIT Waste Collection,Visited,Planned,Albada  Zone-2,Z2-BDB-1017,"1100L, 240L",,
360-24141916,Zone 2 B (Day) - V 2.0,REL 7,10/1/2026,10/1/2026,,Waste Collection,CIT Waste Collection,To Do,Planned,Albada  Zone-2,Z2-BDC-3930,"1100L, 240L",,
360-24141919,Zone 2 B (Day) - V 2.0,REL 7,10/1/2026,10/1/2026,,Waste Collection,CIT Waste Collection,To Do,Planned,Albada  Zone-2,Z2-BDB-0178,"1100L, 240L",,
360-24141925,Zone 2 B (Day) - V 2.0,REL 7,10/1/2026,10/1/2026,,Waste Collection,CIT Waste Collection,To Do,Planned,Albada  Zone-2,Z2-BDB-3401,"1100L, 240L",,
360-24141928,Zone 2 B (Day) - V 2.0,REL 7,10/1/2026,10/1/2026,,Waste Collection,CIT Waste Collection,To Do,Planned,Albada  Zone-2,Z2-BDB-1898,"1100L, 240L",,
360-24141931,Zone 2 B (Day) - V 2.0,REL 7,10/1/2026,10/1/2026,,Waste Collection,CIT Waste Collection,To Do,Planned,Albada  Zone-2,Z2-BDB-1129,"1100L, 240L",,
360-24141937,Zone 2 B (Day) - V 2.0,REL 7,10/1/2026,10/1/2026,,Waste Collection,CIT Waste Collection,Visited,Planned,Albada  Zone-2,Z2-BDB-1128,"1100L, 240L",,
360-24141940,Zone 2 B (Day) - V 2.0,REL 7,10/1/2026,10/1/2026,,Waste Collection,CIT Waste Collection,To Do,Planned,Albada  Zone-2,Z2-BDB-1130,"1100L, 240L",,
360-24141943,Zone 2 B (Day) - V 2.0,REL 7,10/1/2026,10/1/2026,,Waste Collection,CIT Waste Collection,To Do,Planned,Albada  Zone-2,Z2-BDB-2880,"1100L, 240L",,
360-24141946,Zone 2 B (Day) - V 2.0,REL 7,10/1/2026,10/1/2026,,Waste Collection,CIT Waste Collection,To Do,Planned,Albada  Zone-2,Z2-BDC-0165,"1100L, 240L",,
360-24141949,Zone 2 B (Day) - V 2.0,REL 7,10/1/2026,10/1/2026,,Waste Collection,CIT Waste Collection,To Do,Planned,Albada  Zone-2,Z2-BDC-0164,"1100L, 240L",,
360-24141952,Zone 2 B (Day) - V 2.0,REL 7,10/1/2026,10/1/2026,,Waste Collection,CIT Waste Collection,To Do,Planned,Albada  Zone-2,Z2-BDC-0163,"1100L, 240L",,
360-24141955,Zone 2 B (Day) - V 2.0,REL 7,10/1/2026,10/1/2026,,Waste Collection,CIT Waste Collection,To Do,Planned,Albada  Zone-2,Z2-BDC-0162,"1100L, 240L",,
360-24141958,Zone 2 B (Day) - V 2.0,REL 7,10/1/2026,10/1/2026,,Waste Collection,CIT Waste Collection,To Do,Planned,Albada  Zone-2,Z2-BDC-0161,"1100L, 240L",,
360-24141960,Zone 2 B (Day) - V 2.0,REL 7,10/1/2026,10/1/2026,,Waste Collection,CIT Waste Collection,To Do,Planned,Albada  Zone-2,Z2-BDC-0160,"1100L, 240L",,
360-24141961,Zone 2 B (Day) - V 2.0,REL 7,10/1/2026,10/1/2026,,Waste Collection,CIT Waste Collection,To Do,Planned,Albada  Zone-2,Z2-BDC-0159,"1100L, 240L",,
360-24141962,Zone 2 B (Day) - V 2.0,REL 7,10/1/2026,10/1/2026,,Waste Collection,CIT Waste Collection,To Do,Planned,Albada  Zone-2,Z2-BDB-0768,"1100L, 240L",,
360-24141963,Zone 2 B (Day) - V 2.0,REL 7,10/1/2026,10/1/2026,,Waste Collection,CIT Waste Collection,To Do,Planned,Albada  Zone-2,Z2-BDC-0158,"1100L, 240L",,
360-24141967,Zone 2 B (Day) - V 2.0,REL 7,10/1/2026,10/1/2026,,Waste Collection,CIT Waste Collection,To Do,Planned,Albada  Zone-2,Z2-BDB-1139,"1100L, 240L",,